"post_ID","cmy_bookID"
"1778","15"
"1784","38"
"1787","2"
"1793","20"
"1793","38"
"1794","37"
"1794","38"
"1796","27"
"1796","37"
"1799","37"
"1801","88"
"1806","37"
"1808","37"
"1810","43"
"1810","57"
"1812","21"
"1812","37"
"1812","48"
"1812","56"
"1814","48"
"1819","20"
"1824","38"
"1824","43"
"1826","43"
"1828","48"
"1829","24"
"1829","102"
"1832","38"
"1832","48"
"1833","48"
"1836","24"
"1840","102"
"1841","43"
"1843","43"
"1847","24"
"1847","53"
"1848","48"
"1854","53"
"1856","45"
"1858","43"
"1859","43"
"1862","24"
"1862","102"
"1865","43"
"1867","45"
"1874","48"
"1880","48"
"1884","53"
"1885","102"
"1887","43"
"1890","53"
"1894","43"
"1894","57"
"1900","102"
"1901","48"
"1905","15"
"1905","19"
"1905","58"
"1906","58"
"1907","15"
"1907","19"
"1907","24"
"1907","53"
"1907","58"
"1908","48"
"1909","58"
"1913","53"
"1913","58"
"1914","15"
"1914","19"
"1914","20"
"1914","23"
"1914","24"
"1914","27"
"1914","31"
"1914","37"
"1914","38"
"1916","15"
"1916","53"
"1917","48"
"1919","23"
"1919","38"
"1919","53"
"1926","51"
"1926","53"
"1927","20"
"1927","23"
"1927","24"
"1927","51"
"1927","53"
"1928","20"
"1928","24"
"1928","51"
"1930","20"
"1930","48"
"1930","51"
"1930","53"
"1932","53"
"1933","20"
"1933","53"
"1936","53"
"1938","20"
"1939","20"
"1939","23"
"1939","51"
"1939","53"
"1940","20"
"1940","23"
"1940","51"
"1940","53"
"1941","51"
"1943","20"
"1944","20"
"1944","53"
"1948","6"
"1948","14"
"1948","16"
"1948","28"
"1950","58"
"1951","102"
"1953","53"
"1954","102"
"1955","51"
"1955","53"
"1956","53"
"1957","51"
"1957","53"
"1958","51"
"1958","53"
"1961","35"
"1966","58"
"1969","51"
"1971","51"
"1971","53"
"1973","51"
"1975","51"
"1976","51"
"1976","143"
"1977","51"
"1978","51"
"1979","51"
"1980","51"
"1981","51"
"1981","58"
"1984","51"
"1984","58"
"1985","20"
"1985","51"
"1985","53"
"1985","58"
"1985","61"
"1985","62"
"1987","51"
"1987","53"
"1987","58"
"1988","51"
"1988","58"
"1990","48"
"1991","15"
"1992","62"
"1993","51"
"1993","196"
"1994","20"
"1994","51"
"1994","62"
"1995","51"
"1995","62"
"1997","51"
"1997","62"
"1998","51"
"1999","51"
"2001","50"
"2002","53"
"2002","58"
"2006","51"
"2006","58"
"2006","62"
"2007","51"
"2007","53"
"2007","58"
"2008","58"
"2010","15"
"2010","58"
"2012","51"
"2012","58"
"2013","51"
"2013","58"
"2013","62"
"2014","14"
"2014","23"
"2014","48"
"2014","51"
"2014","58"
"2014","62"
"2015","48"
"2015","51"
"2015","62"
"2016","51"
"2017","51"
"2017","62"
"2018","58"
"2018","62"
"2019","62"
"2022","62"
"2025","51"
"2026","62"
"2028","62"
"2030","48"
"2030","58"
"2030","62"
"2032","62"
"2033","59"
"2034","59"
"2035","59"
"2036","59"
"2036","60"
"2036","307"
"2037","59"
"2040","51"
"2040","59"
"2041","51"
"2041","62"
"2042","71"
"2043","71"
"2044","71"
"2045","71"
"2047","20"
"2047","23"
"2047","61"
"2047","62"
"2047","71"
"2048","45"
"2048","48"
"2049","20"
"2049","61"
"2049","62"
"2049","71"
"2050","51"
"2050","61"
"2050","62"
"2050","71"
"2051","59"
"2051","61"
"2051","62"
"2051","71"
"2052","20"
"2053","61"
"2053","73"
"2054","73"
"2057","61"
"2058","61"
"2058","62"
"2059","102"
"2060","61"
"2060","62"
"2061","61"
"2061","62"
"2062","62"
"2065","61"
"2065","62"
"2066","27"
"2066","37"
"2066","58"
"2066","69"
"2066","88"
"2068","62"
"2069","19"
"2069","45"
"2071","58"
"2072","62"
"2073","62"
"2076","62"
"2076","69"
"2077","71"
"2079","61"
"2079","62"
"2079","69"
"2080","51"
"2080","61"
"2083","20"
"2083","61"
"2084","61"
"2084","62"
"2084","69"
"2085","61"
"2086","51"
"2087","51"
"2089","61"
"2090","51"
"2090","57"
"2090","88"
"2091","88"
"2094","24"
"2095","15"
"2095","61"
"2096","58"
"2096","62"
"2096","69"
"2100","61"
"2101","43"
"2104","62"
"2106","71"
"2108","62"
"2109","62"
"2114","71"
"2118","6"
"2118","62"
"2119","61"
"2119","62"
"2120","102"
"2121","62"
"2127","102"
"2128","51"
"2128","62"
"2128","80"
"2129","51"
"2129","80"
"2133","69"
"2133","80"
"2134","102"
"2136","71"
"2137","71"
"2138","102"
"2139","69"
"2139","71"
"2139","73"
"2144","69"
"2145","69"
"2145","71"
"2146","73"
"2147","102"
"2151","20"
"2151","61"
"2153","69"
"2154","102"
"2156","15"
"2156","69"
"2157","69"
"2162","20"
"2163","50"
"2163","64"
"2164","289"
"2168","63"
"2169","71"
"2170","72"
"2170","80"
"2171","80"
"2172","63"
"2172","72"
"2172","80"
"2173","81"
"2174","51"
"2174","63"
"2174","72"
"2174","80"
"2175","63"
"2175","72"
"2175","73"
"2180","72"
"2181","72"
"2182","72"
"2183","71"
"2183","72"
"2186","63"
"2186","72"
"2191","72"
"2192","72"
"2193","72"
"2194","72"
"2198","69"
"2200","69"
"2200","72"
"2202","72"
"2204","72"
"2211","69"
"2213","72"
"2214","72"
"2216","72"
"2219","72"
"2223","81"
"2224","24"
"2224","102"
"2226","71"
"2226","72"
"2226","73"
"2228","72"
"2228","90"
"2229","72"
"2230","102"
"2232","71"
"2233","71"
"2235","71"
"2236","73"
"2237","72"
"2238","20"
"2238","72"
"2238","73"
"2239","71"
"2239","82"
"2240","91"
"2241","73"
"2242","51"
"2242","72"
"2242","73"
"2243","80"
"2243","81"
"2243","93"
"2245","71"
"2246","19"
"2246","71"
"2247","71"
"2247","72"
"2247","73"
"2248","71"
"2248","73"
"2253","71"
"2254","69"
"2254","71"
"2257","102"
"2258","71"
"2258","73"
"2265","73"
"2266","69"
"2266","73"
"2269","69"
"2273","102"
"2278","73"
"2282","211"
"2282","212"
"2283","69"
"2283","71"
"2284","71"
"2286","71"
"2286","73"
"2292","23"
"2295","102"
"2298","80"
"2305","211"
"2308","20"
"2308","72"
"2308","73"
"2311","65"
"2311","66"
"2311","69"
"2311","74"
"2311","75"
"2311","76"
"2311","81"
"2311","89"
"2311","302"
"2311","303"
"2313","69"
"2313","81"
"2313","83"
"2313","89"
"2313","96"
"2316","88"
"2318","211"
"2320","348"
"2322","348"
"2325","348"
"2326","348"
"2328","20"
"2330","15"
"2330","38"
"2330","69"
"2330","75"
"2331","24"
"2337","15"
"2345","82"
"2345","83"
"2345","96"
"2347","253"
"2351","82"
"2353","125"
"2354","80"
"2354","348"
"2355","102"
"2356","79"
"2356","87"
"2357","348"
"2361","71"
"2361","82"
"2361","84"
"2361","90"
"2361","93"
"2363","84"
"2363","92"
"2366","211"
"2368","91"
"2369","109"
"2375","348"
"2376","48"
"2377","348"
"2378","109"
"2380","82"
"2381","87"
"2383","91"
"2386","88"
"2388","82"
"2388","87"
"2395","100"
"2396","48"
"2396","89"
"2396","90"
"2402","48"
"2402","348"
"2405","88"
"2407","82"
"2409","100"
"2420","6"
"2420","14"
"2420","16"
"2420","28"
"2425","98"
"2426","48"
"2426","82"
"2429","102"
"2429","198"
"2431","82"
"2432","102"
"2433","102"
"2435","102"
"2436","24"
"2437","24"
"2437","109"
"2442","88"
"2443","88"
"2444","102"
"2445","102"
"2447","69"
"2447","102"
"2450","102"
"2455","101"
"2455","109"
"2456","69"
"2456","73"
"2456","95"
"2463","102"
"2482","102"
"2483","102"
"2484","102"
"2486","87"
"2486","102"
"2488","101"
"2489","109"
"2493","102"
"2494","102"
"2496","102"
"2497","101"
"2499","113"
"2504","91"
"2506","15"
"2512","102"
"2512","110"
"2514","99"
"2521","87"
"2521","99"
"2521","118"
"2522","99"
"2522","108"
"2522","124"
"2526","99"
"2529","102"
"2531","99"
"2536","78"
"2538","112"
"2538","117"
"2538","119"
"2538","120"
"2538","134"
"2543","116"
"2545","112"
"2545","124"
"2546","19"
"2546","45"
"2549","124"
"2562","99"
"2568","131"
"2569","87"
"2571","99"
"2571","124"
"2571","353"
"2577","119"
"2579","15"
"2581","15"
"2581","81"
"2581","124"
"2581","129"
"2586","50"
"2586","64"
"2586","65"
"2586","74"
"2586","75"
"2586","76"
"2586","99"
"2588","50"
"2588","52"
"2588","64"
"2588","65"
"2588","66"
"2588","302"
"2589","48"
"2591","99"
"2591","353"
"2594","99"
"2594","353"
"2596","353"
"2597","99"
"2597","353"
"2599","99"
"2599","124"
"2599","353"
"2603","99"
"2604","126"
"2607","24"
"2609","126"
"2611","126"
"2614","126"
"2614","129"
"2615","126"
"2617","126"
"2620","48"
"2620","90"
"2620","126"
"2621","72"
"2621","87"
"2621","90"
"2621","102"
"2621","126"
"2622","99"
"2622","102"
"2622","126"
"2622","353"
"2623","353"
"2625","126"
"2625","353"
"2626","126"
"2627","126"
"2627","353"
"2628","126"
"2629","99"
"2630","125"
"2631","62"
"2634","125"
"2636","87"
"2636","129"
"2645","131"
"2649","126"
"2650","131"
"2651","126"
"2651","129"
"2652","15"
"2652","19"
"2652","24"
"2652","53"
"2652","72"
"2652","87"
"2652","109"
"2655","126"
"2657","99"
"2657","126"
"2657","129"
"2657","353"
"2658","126"
"2659","120"
"2659","126"
"2659","131"
"2659","353"
"2660","19"
"2660","20"
"2660","24"
"2660","38"
"2660","53"
"2660","61"
"2660","63"
"2660","109"
"2660","110"
"2660","120"
"2664","99"
"2664","126"
"2664","353"
"2665","87"
"2666","353"
"2673","126"
"2673","131"
"2678","15"
"2678","19"
"2678","135"
"2679","46"
"2679","135"
"2680","131"
"2680","135"
"2681","135"
"2682","135"
"2683","135"
"2684","135"
"2693","211"
"2694","211"
"2699","143"
"2700","143"
"2704","143"
"2708","150"
"2712","135"
"2713","150"
"2714","137"
"2714","150"
"2715","150"
"2727","209"
"2728","140"
"2733","165"
"2734","157"
"2735","165"
"2740","150"
"2748","15"
"2748","19"
"2748","157"
"2750","165"
"2751","150"
"2751","156"
"2753","156"
"2754","58"
"2754","95"
"2755","134"
"2755","157"
"2756","157"
"2763","105"
"2764","58"
"2764","69"
"2764","131"
"2764","134"
"2764","170"
"2765","165"
"2765","170"
"2766","15"
"2768","48"
"2768","157"
"2771","165"
"2772","170"
"2778","193"
"2779","163"
"2780","163"
"2781","174"
"2782","165"
"2783","163"
"2783","171"
"2783","193"
"2793","171"
"2793","184"
"2794","95"
"2794","171"
"2794","184"
"2795","355"
"2806","102"
"2810","280"
"2820","186"
"2823","183"
"2824","186"
"2825","293"
"2827","356"
"2828","189"
"2829","189"
"2830","20"
"2830","185"
"2830","189"
"2830","196"
"2831","244"
"2833","20"
"2833","185"
"2833","189"
"2834","157"
"2834","171"
"2834","185"
"2834","189"
"2835","17"
"2835","35"
"2835","41"
"2835","46"
"2835","54"
"2835","189"
"2835","301"
"2835","357"
"2836","301"
"2836","357"
"2837","17"
"2837","189"
"2837","357"
"2838","185"
"2838","189"
"2839","185"
"2839","189"
"2842","185"
"2843","199"
"2845","186"
"2849","185"
"2850","134"
"2853","165"
"2853","196"
"2854","9"
"2854","26"
"2855","201"
"2855","205"
"2856","201"
"2859","251"
"2863","205"
"2863","213"
"2866","120"
"2868","199"
"2868","203"
"2869","199"
"2874","196"
"2877","277"
"2881","3"
"2883","202"
"2884","202"
"2890","198"
"2893","205"
"2896","202"
"2897","24"
"2897","201"
"2899","24"
"2899","53"
"2899","201"
"2899","205"
"2900","205"
"2901","201"
"2901","205"
"2902","268"
"2906","53"
"2906","109"
"2906","131"
"2907","62"
"2907","201"
"2907","205"
"2907","213"
"2908","199"
"2908","203"
"2909","15"
"2910","203"
"2912","216"
"2913","68"
"2913","115"
"2915","203"
"2918","15"
"2919","15"
"2919","17"
"2920","208"
"2926","209"
"2933","1"
"2934","1"
"2938","24"
"2939","247"
"2940","1"
"2942","24"
"2942","88"
"2944","2"
"2945","2"
"2954","24"
"2956","6"
"2958","11"
"2960","6"
"2960","11"
"2960","12"
"2960","73"
"2962","1"
"2962","2"
"2962","3"
"2962","11"
"2963","1"
"2963","3"
"2963","9"
"2964","2"
"2964","11"
"2964","14"
"2964","18"
"2964","35"
"2965","35"
"2966","15"
"2967","15"
"2969","14"
"2969","15"
"2971","10"
"2971","15"
"2971","17"
"2971","18"
"2971","24"
"2972","14"
"2972","15"
"2972","33"
"2972","73"
"2973","13"
"2973","14"
"2974","35"
"2975","15"
"2975","19"
"2976","33"
"2979","15"
"2982","41"
"2992","33"
"2995","33"
"3005","13"
"3006","15"
"3007","15"
"3007","88"
"3009","17"
"3011","33"
"3011","88"
"3014","17"
"3015","15"
"3018","15"
"3019","15"
"3019","37"
"3020","15"
"3022","20"
"3023","48"
"3024","48"
"3025","15"
"3026","19"
"3026","21"
"3030","15"
"3037","15"
"3038","48"
"3041","21"
"3042","21"
"3042","254"
"3044","19"
"3045","19"
"3045","21"
"3047","19"
"3048","15"
"3048","88"
"3049","13"
"3049","19"
"3049","20"
"3050","15"
"3050","19"
"3051","20"
"3052","19"
"3052","20"
"3053","15"
"3053","19"
"3054","15"
"3054","19"
"3055","15"
"3055","24"
"3056","10"
"3056","13"
"3056","20"
"3060","28"
"3063","58"
"3065","19"
"3065","45"
"3065","88"
"3067","24"
"3069","88"
"3071","21"
"3071","23"
"3071","24"
"3072","23"
"3073","15"
"3073","19"
"3073","20"
"3076","21"
"3076","24"
"3076","28"
"3077","15"
"3078","102"
"3079","10"
"3080","24"
"3083","24"
"3087","27"
"3093","2"
"3093","3"
"3093","13"
"3093","23"
"3093","24"
"3097","15"
"3097","27"
"3102","38"
"3121","32"
"3121","33"
"3121","88"
"3124","36"
"3125","36"
"3127","15"
"3127","24"
"3127","38"
"3134","37"
"3141","21"
"3144","102"
"3145","21"
"3147","15"
"3147","51"
"3147","207"
"3153","34"
"3153","119"
"3155","18"
"3155","28"
"3155","172"
"3156","240"
"3160","216"
"3162","216"
"3177","214"
"3178","18"
"3178","67"
"3178","104"
"3178","152"
"3178","166"
"3181","349"
"3201","350"
"3202","350"
"3205","237"
"3206","9"
"3206","163"
"3209","225"
"3211","3"
"3211","229"
"3212","229"
"3213","228"
"3213","234"
"3214","228"
"3214","234"
"3216","24"
"3216","109"
"3216","201"
"3216","227"
"3216","232"
"3216","237"
"3217","228"
"3225","20"
"3225","23"
"3225","62"
"3226","24"
"3226","53"
"3229","228"
"3245","358"
"3246","358"
"3248","358"
"3249","358"
"3251","19"
"3251","358"
"3252","358"
"3253","358"
"3254","358"
"3257","51"
"3257","80"
"3257","126"
"3257","351"
"3261","358"
"3262","358"
"3263","24"
"3263","237"
"3264","358"
"3265","88"
"3266","271"
"3273","23"
"3273","234"
"3274","358"
"3275","358"
"3277","154"
"3277","205"
"3277","226"
"3278","237"
"3280","358"
"3281","237"
"3286","358"
"3300","237"
"3300","239"
"3301","239"
"3305","109"
"3315","73"
"3315","213"
"3316","240"
"3327","66"
"3328","66"
"3330","35"
"3333","15"
"3333","19"
"3333","24"
"3333","109"
"3334","2"
"3334","109"
"3338","243"
"3339","24"
"3339","109"
"3343","3"
"3343","15"
"3343","19"
"3343","24"
"3343","27"
"3343","37"
"3343","40"
"3343","44"
"3343","53"
"3343","69"
"3343","109"
"3343","131"
"3343","170"
"3343","184"
"3343","201"
"3343","229"
"3343","237"
"3343","239"
"3344","25"
"3345","109"
"3347","2"
"3355","247"
"3356","218"
"3356","247"
"3360","247"
"3362","247"
"3363","10"
"3363","11"
"3363","13"
"3364","10"
"3368","247"
"3369","247"
"3370","247"
"3371","247"
"3372","247"
"3372","249"
"3375","247"
"3377","247"
"3378","247"
"3381","245"
"3382","247"
"3391","6"
"3391","18"
"3391","24"
"3391","40"
"3391","44"
"3391","115"
"3391","119"
"3391","160"
"3391","253"
"3394","15"
"3394","19"
"3394","20"
"3394","24"
"3394","346"
"3397","247"
"3398","10"
"3398","11"
"3398","13"
"3400","11"
"3400","13"
"3406","24"
"3409","131"
"3411","19"
"3411","20"
"3411","24"
"3411","69"
"3411","81"
"3413","69"
"3414","109"
"3415","251"
"3416","24"
"3416","62"
"3416","251"
"3418","251"
"3420","237"
"3422","40"
"3422","109"
"3422","209"
"3422","251"
"3423","209"
"3423","251"
"3424","83"
"3424","96"
"3427","248"
"3427","250"
"3427","251"
"3430","62"
"3430","352"
"3440","247"
"3441","10"
"3441","20"
"3441","23"
"3441","24"
"3441","62"
"3442","62"
"3443","88"
"3445","250"
"3446","250"
"3447","69"
"3458","250"
"3460","250"
"3461","250"
"3461","251"
"3468","250"
"3469","330"
"3470","330"
"3472","102"
"3472","330"
"3473","251"
"3473","252"
"3475","45"
"3476","251"
"3478","252"
"3480","101"
"3480","232"
"3489","24"
"3493","15"
"3493","19"
"3493","31"
"3516","9"
"3516","10"
"3516","25"
"3516","26"
"3516","36"
"3516","40"
"3516","44"
"3518","27"
"3529","213"
"3533","48"
"3539","91"
"3543","81"
"3564","82"
"3566","157"
"3570","45"
"3576","211"
"3579","15"
"3584","40"
"3584","184"
"3599","221"
"3599","232"
"3599","241"
"3600","18"
"3600","44"
"3605","58"
"7691","15"
"7710","15"
"7710","24"
"7710","27"
"7727","24"
"7727","53"
"7783","102"
"7831","102"
"7852","15"
"7864","6"
"7864","14"
"7864","16"
"7864","28"
"10615","19"
"18100","189"
"18751","280"
"18759","35"
"18768","211"
"19000","251"
"19354","58"
"19394","15"
"19394","18"
"19450","228"
"19453","102"
"19551","62"
"19563","51"
"19563","62"
"19563","69"
"19563","80"
"19572","80"
"19593","80"
"19598","69"
"19643","71"
"19651","27"
"19651","71"
"19653","71"
"19655","73"
"19661","27"
"19661","69"
"19661","73"
"19664","73"
"19670","15"
"19670","24"
"19670","71"
"19670","73"
"19672","71"
"19672","73"
"19674","73"
"19676","69"
"19816","24"
"19816","53"
"19816","109"
"19905","24"
"20002","48"
"20002","144"
"20015","87"
