"post_id","gen_bookID"
"1778","253"
"1778","265"
"1778","267"
"1778","268"
"1778","274"
"1779","17"
"1779","268"
"1779","274"
"1780","276"
"1781","268"
"1781","270"
"1781","274"
"1782","267"
"1782","269"
"1782","274"
"1783","270"
"1784","253"
"1784","275"
"1785","17"
"1785","267"
"1785","268"
"1785","269"
"1785","275"
"1785","276"
"1785","277"
"1786","270"
"1787","240"
"1787","275"
"1787","278"
"1788","267"
"1788","268"
"1788","269"
"1788","276"
"1790","279"
"1790","280"
"1791","40"
"1791","281"
"1792","281"
"1792","282"
"1793","270"
"1796","75"
"1798","275"
"1798","276"
"1799","75"
"1800","267"
"1800","268"
"1800","275"
"1802","275"
"1802","283"
"1804","121"
"1804","244"
"1804","270"
"1804","284"
"1804","285"
"1809","286"
"1809","287"
"1810","17"
"1810","267"
"1810","275"
"1810","450"
"1811","288"
"1811","289"
"1811","290"
"1812","324"
"1812","325"
"1812","326"
"1812","327"
"1812","328"
"1812","329"
"1813","294"
"1814","295"
"1815","297"
"1815","298"
"1816","296"
"1816","297"
"1817","297"
"1818","297"
"1818","299"
"1820","267"
"1820","268"
"1820","300"
"1821","267"
"1821","268"
"1821","278"
"1822","301"
"1823","265"
"1823","275"
"1823","302"
"1824","180"
"1824","265"
"1824","275"
"1824","297"
"1826","275"
"1826","303"
"1828","201"
"1828","244"
"1828","304"
"1828","305"
"1829","232"
"1834","275"
"1836","241"
"1838","306"
"1839","307"
"1839","308"
"1839","309"
"1839","310"
"1839","311"
"1839","312"
"1839","313"
"1839","314"
"1840","122"
"1841","275"
"1841","317"
"1843","275"
"1845","315"
"1847","241"
"1848","1109"
"1852","306"
"1854","317"
"1859","315"
"1859","317"
"1860","318"
"1861","319"
"1861","320"
"1861","321"
"1861","322"
"1861","323"
"1861","324"
"1865","275"
"1870","330"
"1872","318"
"1875","27"
"1878","268"
"1878","275"
"1878","331"
"1878","332"
"1879","31"
"1879","257"
"1879","265"
"1879","268"
"1879","331"
"1879","333"
"1879","334"
"1879","335"
"1880","312"
"1880","336"
"1880","337"
"1880","338"
"1881","339"
"1881","340"
"1883","267"
"1883","331"
"1884","331"
"1884","341"
"1887","342"
"1887","343"
"1891","339"
"1892","275"
"1892","344"
"1892","345"
"1892","346"
"1893","275"
"1903","275"
"1904","348"
"1909","318"
"1910","318"
"1911","275"
"1915","275"
"1916","352"
"1920","353"
"1921","77"
"1922","354"
"1922","434"
"1927","356"
"1927","357"
"1928","358"
"1928","992"
"1934","318"
"1941","359"
"1941","360"
"1945","257"
"1945","361"
"1946","17"
"1946","275"
"1946","360"
"1946","361"
"1946","362"
"1948","363"
"1952","105"
"1961","122"
"1963","365"
"1964","366"
"1966","241"
"1968","367"
"1969","366"
"1973","366"
"1973","368"
"1976","366"
"1976","369"
"1977","370"
"1980","371"
"1989","372"
"1990","373"
"1990","374"
"1990","375"
"1991","275"
"1991","361"
"1992","376"
"1994","377"
"2001","241"
"2001","378"
"2002","32"
"2003","365"
"2003","437"
"2004","381"
"2006","383"
"2006","384"
"2007","352"
"2007","383"
"2007","384"
"2007","385"
"2007","386"
"2007","387"
"2008","384"
"2008","386"
"2008","387"
"2008","388"
"2008","389"
"2009","190"
"2010","391"
"2012","392"
"2014","354"
"2024","241"
"2024","395"
"2025","413"
"2026","384"
"2026","397"
"2027","384"
"2027","398"
"2028","398"
"2028","399"
"2029","389"
"2029","400"
"2029","401"
"2030","389"
"2030","400"
"2030","402"
"2030","403"
"2030","404"
"2031","381"
"2031","405"
"2032","401"
"2032","402"
"2032","404"
"2033","406"
"2034","372"
"2034","401"
"2034","402"
"2034","404"
"2034","406"
"2035","406"
"2036","401"
"2036","406"
"2041","402"
"2041","408"
"2049","391"
"2050","409"
"2050","410"
"2050","411"
"2050","412"
"2050","413"
"2058","414"
"2058","419"
"2059","386"
"2059","415"
"2059","416"
"2059","417"
"2060","418"
"2060","419"
"2061","419"
"2061","420"
"2062","419"
"2063","186"
"2065","419"
"2065","420"
"2065","421"
"2066","40"
"2066","422"
"2073","421"
"2073","423"
"2077","424"
"2079","421"
"2080","141"
"2080","377"
"2080","389"
"2080","406"
"2081","425"
"2081","426"
"2081","427"
"2081","428"
"2081","429"
"2082","494"
"2084","399"
"2084","436"
"2087","438"
"2087","439"
"2093","318"
"2094","232"
"2094","241"
"2094","440"
"2094","441"
"2094","442"
"2094","443"
"2094","444"
"2094","445"
"2094","446"
"2096","386"
"2099","379"
"2101","427"
"2101","447"
"2102","306"
"2102","448"
"2103","447"
"2104","270"
"2104","449"
"2104","450"
"2104","451"
"2104","452"
"2105","278"
"2105","453"
"2106","454"
"2109","455"
"2110","40"
"2111","40"
"2111","456"
"2112","122"
"2113","241"
"2114","457"
"2114","458"
"2115","95"
"2115","417"
"2116","459"
"2116","460"
"2116","461"
"2117","40"
"2118","462"
"2119","464"
"2121","465"
"2123","122"
"2124","270"
"2124","466"
"2125","465"
"2125","467"
"2126","468"
"2128","358"
"2133","469"
"2133","470"
"2134","95"
"2136","471"
"2136","473"
"2137","474"
"2137","475"
"2138","95"
"2140","476"
"2142","477"
"2142","478"
"2145","479"
"2145","480"
"2146","479"
"2146","481"
"2147","417"
"2149","434"
"2151","482"
"2152","483"
"2153","469"
"2153","482"
"2155","100"
"2155","246"
"2155","483"
"2155","484"
"2155","485"
"2161","246"
"2161","484"
"2163","483"
"2163","484"
"2163","486"
"2166","486"
"2166","487"
"2167","488"
"2167","489"
"2167","490"
"2167","491"
"2167","492"
"2167","493"
"2167","494"
"2169","479"
"2169","482"
"2169","495"
"2170","235"
"2173","232"
"2174","496"
"2175","496"
"2177","497"
"2178","483"
"2179","186"
"2179","545"
"2183","498"
"2184","499"
"2185","500"
"2187","483"
"2187","501"
"2190","502"
"2192","503"
"2194","389"
"2200","219"
"2200","389"
"2200","504"
"2201","500"
"2205","505"
"2205","506"
"2207","500"
"2207","507"
"2208","40"
"2209","40"
"2212","365"
"2212","500"
"2214","508"
"2214","509"
"2215","40"
"2217","510"
"2218","511"
"2223","515"
"2224","513"
"2224","514"
"2231","516"
"2239","519"
"2240","520"
"2240","521"
"2240","522"
"2240","523"
"2246","411"
"2249","515"
"2251","483"
"2251","527"
"2253","116"
"2253","411"
"2256","528"
"2261","529"
"2261","530"
"2262","531"
"2264","40"
"2267","500"
"2267","533"
"2268","483"
"2270","122"
"2271","40"
"2275","40"
"2275","232"
"2276","122"
"2277","515"
"2280","40"
"2283","358"
"2283","534"
"2286","535"
"2288","40"
"2288","92"
"2288","536"
"2288","537"
"2289","500"
"2289","536"
"2292","358"
"2293","122"
"2296","40"
"2296","538"
"2298","539"
"2298","540"
"2300","40"
"2300","95"
"2300","226"
"2302","541"
"2303","543"
"2304","40"
"2304","226"
"2304","544"
"2305","787"
"2309","547"
"2311","548"
"2313","549"
"2313","550"
"2316","226"
"2317","40"
"2320","551"
"2322","552"
"2323","502"
"2326","552"
"2326","558"
"2328","40"
"2329","40"
"2330","393"
"2330","394"
"2331","40"
"2332","40"
"2332","553"
"2333","40"
"2333","554"
"2334","40"
"2335","40"
"2338","92"
"2339","40"
"2339","232"
"2341","40"
"2342","40"
"2343","546"
"2345","549"
"2345","555"
"2345","556"
"2345","557"
"2347","40"
"2354","558"
"2356","112"
"2356","559"
"2356","560"
"2358","463"
"2358","561"
"2359","562"
"2359","563"
"2360","40"
"2362","564"
"2366","502"
"2366","562"
"2366","788"
"2369","788"
"2372","463"
"2375","789"
"2376","790"
"2377","172"
"2377","458"
"2377","791"
"2377","792"
"2377","793"
"2377","794"
"2377","795"
"2385","40"
"2387","26"
"2390","26"
"2390","40"
"2392","1107"
"2393","798"
"2393","799"
"2397","598"
"2398","800"
"2399","536"
"2400","122"
"2402","49"
"2409","801"
"2412","224"
"2414","802"
"2414","803"
"2415","804"
"2415","805"
"2415","806"
"2416","170"
"2416","807"
"2416","808"
"2418","809"
"2420","810"
"2420","811"
"2420","812"
"2420","813"
"2421","365"
"2422","807"
"2424","122"
"2425","40"
"2426","814"
"2428","122"
"2429","40"
"2429","232"
"2430","815"
"2431","412"
"2432","122"
"2435","40"
"2442","40"
"2444","40"
"2446","40"
"2446","102"
"2449","816"
"2451","741"
"2451","817"
"2451","818"
"2451","819"
"2451","820"
"2451","821"
"2451","822"
"2452","186"
"2452","226"
"2452","232"
"2453","232"
"2454","92"
"2454","186"
"2454","232"
"2454","823"
"2455","811"
"2455","827"
"2456","811"
"2456","824"
"2456","825"
"2456","826"
"2456","827"
"2457","828"
"2458","437"
"2458","829"
"2458","830"
"2459","437"
"2459","788"
"2459","829"
"2461","437"
"2461","829"
"2461","831"
"2465","818"
"2465","829"
"2466","832"
"2468","241"
"2470","820"
"2472","833"
"2472","834"
"2473","835"
"2474","836"
"2475","837"
"2475","838"
"2478","833"
"2478","834"
"2479","839"
"2487","818"
"2488","841"
"2489","241"
"2489","842"
"2490","843"
"2493","844"
"2497","845"
"2497","846"
"2497","847"
"2499","40"
"2499","848"
"2502","731"
"2503","846"
"2507","840"
"2507","849"
"2511","849"
"2513","849"
"2514","828"
"2514","850"
"2514","853"
"2514","1120"
"2516","1121"
"2517","852"
"2517","854"
"2518","855"
"2520","856"
"2521","271"
"2521","586"
"2521","857"
"2521","858"
"2524","859"
"2525","40"
"2528","860"
"2530","860"
"2530","861"
"2532","862"
"2532","863"
"2532","864"
"2533","865"
"2535","866"
"2536","40"
"2538","859"
"2538","867"
"2538","868"
"2539","869"
"2540","870"
"2546","871"
"2547","872"
"2549","139"
"2549","788"
"2549","873"
"2555","874"
"2563","875"
"2568","741"
"2568","876"
"2568","877"
"2568","878"
"2570","741"
"2570","855"
"2570","879"
"2572","741"
"2573","741"
"2574","815"
"2574","880"
"2574","881"
"2574","882"
"2574","883"
"2575","867"
"2591","884"
"2592","885"
"2592","886"
"2598","887"
"2601","888"
"2605","379"
"2605","889"
"2607","741"
"2607","890"
"2608","890"
"2611","139"
"2611","891"
"2611","892"
"2611","893"
"2611","894"
"2612","802"
"2612","890"
"2612","895"
"2613","896"
"2614","897"
"2615","897"
"2616","741"
"2616","898"
"2616","899"
"2616","902"
"2619","902"
"2620","900"
"2620","901"
"2621","901"
"2630","902"
"2631","903"
"2633","904"
"2634","902"
"2637","434"
"2637","905"
"2638","906"
"2639","878"
"2639","902"
"2641","40"
"2641","95"
"2643","878"
"2643","902"
"2644","55"
"2645","907"
"2647","902"
"2647","908"
"2648","909"
"2649","588"
"2649","910"
"2650","911"
"2651","588"
"2651","910"
"2651","912"
"2652","913"
"2657","588"
"2657","914"
"2660","102"
"2661","915"
"2665","916"
"2668","917"
"2671","917"
"2674","917"
"2676","918"
"2676","919"
"2678","918"
"2678","919"
"2679","919"
"2685","920"
"2689","40"
"2697","917"
"2700","926"
"2700","927"
"2702","928"
"2708","929"
"2716","917"
"2717","902"
"2717","930"
"2720","379"
"2720","696"
"2721","804"
"2722","886"
"2722","933"
"2723","930"
"2723","934"
"2724","935"
"2725","936"
"2726","936"
"2726","937"
"2727","268"
"2727","860"
"2727","938"
"2727","939"
"2727","940"
"2727","942"
"2727","943"
"2727","944"
"2727","945"
"2728","936"
"2728","941"
"2729","40"
"2729","946"
"2730","936"
"2730","947"
"2731","40"
"2738","948"
"2739","948"
"2742","936"
"2743","948"
"2743","950"
"2747","917"
"2747","949"
"2749","948"
"2749","950"
"2751","525"
"2755","952"
"2756","727"
"2756","953"
"2765","880"
"2765","881"
"2765","954"
"2765","955"
"2765","956"
"2766","40"
"2767","957"
"2770","958"
"2774","959"
"2778","960"
"2781","157"
"2781","961"
"2782","962"
"2783","963"
"2783","964"
"2784","965"
"2788","890"
"2788","968"
"2789","959"
"2790","969"
"2790","970"
"2790","971"
"2792","122"
"2793","972"
"2793","973"
"2794","972"
"2794","973"
"2796","122"
"2796","687"
"2796","974"
"2797","663"
"2797","930"
"2797","964"
"2797","975"
"2797","976"
"2797","977"
"2799","966"
"2799","967"
"2800","720"
"2800","784"
"2800","978"
"2800","979"
"2801","241"
"2801","720"
"2801","721"
"2801","978"
"2801","979"
"2801","980"
"2801","981"
"2801","982"
"2801","983"
"2801","984"
"2802","985"
"2806","235"
"2806","430"
"2808","241"
"2808","986"
"2810","987"
"2810","988"
"2810","989"
"2814","990"
"2816","241"
"2817","991"
"2817","992"
"2820","994"
"2822","241"
"2824","995"
"2825","40"
"2825","996"
"2825","997"
"2826","993"
"2826","998"
"2826","999"
"2827","40"
"2827","1000"
"2829","1001"
"2829","1002"
"2829","1003"
"2830","1004"
"2831","40"
"2832","1005"
"2832","1006"
"2832","1007"
"2833","1002"
"2833","1008"
"2833","1009"
"2833","1010"
"2833","1011"
"2833","1012"
"2833","1013"
"2834","1002"
"2834","1009"
"2836","40"
"2836","372"
"2836","1014"
"2838","384"
"2842","998"
"2842","1016"
"2842","1017"
"2842","1018"
"2843","1019"
"2844","1020"
"2845","40"
"2845","1021"
"2847","241"
"2847","1022"
"2851","1023"
"2853","1024"
"2855","964"
"2855","1025"
"2859","1026"
"2859","1027"
"2861","1028"
"2863","1029"
"2863","1030"
"2863","1031"
"2865","1032"
"2865","1033"
"2867","40"
"2867","1034"
"2867","1035"
"2868","1019"
"2868","1036"
"2868","1037"
"2871","241"
"2871","1101"
"2872","1038"
"2872","1039"
"2872","1040"
"2872","1041"
"2872","1042"
"2872","1043"
"2872","1044"
"2873","1045"
"2873","1046"
"2873","1047"
"2873","1048"
"2874","60"
"2874","1049"
"2874","1051"
"2874","1052"
"2876","1053"
"2880","40"
"2880","1054"
"2881","160"
"2881","658"
"2881","1055"
"2881","1057"
"2881","1058"
"2884","1059"
"2886","1061"
"2886","1062"
"2886","1063"
"2886","1064"
"2886","1065"
"2886","1066"
"2886","1067"
"2887","716"
"2888","1068"
"2890","1062"
"2891","270"
"2891","788"
"2891","865"
"2892","631"
"2894","122"
"2895","631"
"2896","631"
"2896","1069"
"2896","1070"
"2896","1071"
"2896","1072"
"2901","1073"
"2903","1074"
"2904","1075"
"2904","1076"
"2906","1077"
"2908","616"
"2908","1078"
"2908","1079"
"2908","1080"
"2908","1081"
"2908","1082"
"2908","1083"
"2911","804"
"2911","928"
"2911","1084"
"2912","1085"
"2912","1086"
"2912","1087"
"2912","1088"
"2913","1068"
"2914","1087"
"2915","1089"
"2917","1090"
"2918","1091"
"2920","1012"
"2921","1092"
"2921","1093"
"2921","1094"
"2922","1095"
"2923","1094"
"2926","40"
"2930","1096"
"2932","40"
"2933","40"
"2936","40"
"2938","40"
"2940","29"
"2940","30"
"2940","97"
"2940","184"
"2941","40"
"2945","145"
"2945","240"
"2946","145"
"2946","217"
"2948","92"
"2948","181"
"2950","66"
"2952","37"
"2953","145"
"2953","147"
"2954","84"
"2956","60"
"2956","95"
"2956","142"
"2956","147"
"2956","172"
"2958","40"
"2958","58"
"2958","102"
"2959","157"
"2959","237"
"2960","10"
"2960","39"
"2960","40"
"2960","41"
"2961","236"
"2962","218"
"2963","175"
"2964","35"
"2964","40"
"2964","95"
"2964","106"
"2964","157"
"2964","175"
"2964","1081"
"2965","122"
"2965","219"
"2966","40"
"2966","95"
"2967","98"
"2968","102"
"2968","151"
"2968","220"
"2969","40"
"2969","151"
"2969","153"
"2969","222"
"2969","223"
"2970","95"
"2970","128"
"2971","138"
"2972","9"
"2972","16"
"2972","69"
"2972","77"
"2972","114"
"2972","123"
"2972","131"
"2972","152"
"2972","159"
"2973","241"
"2974","122"
"2975","40"
"2975","241"
"2976","28"
"2978","27"
"2978","225"
"2979","76"
"2980","225"
"2981","83"
"2981","103"
"2981","225"
"2982","122"
"2983","52"
"2983","62"
"2983","225"
"2984","27"
"2984","148"
"2984","168"
"2984","225"
"2985","86"
"2985","225"
"2986","225"
"2987","23"
"2987","91"
"2987","110"
"2987","228"
"2988","185"
"2988","225"
"2989","87"
"2989","225"
"2989","230"
"2989","234"
"2990","122"
"2991","225"
"2992","91"
"2992","225"
"2993","225"
"2994","150"
"2994","185"
"2994","225"
"2995","125"
"2995","225"
"2995","232"
"2996","225"
"2997","96"
"2997","225"
"2997","233"
"2998","150"
"2998","225"
"2999","225"
"3000","225"
"3000","234"
"3001","61"
"3001","109"
"3001","225"
"3001","234"
"3002","53"
"3002","225"
"3002","234"
"3003","125"
"3003","225"
"3003","234"
"3004","225"
"3004","234"
"3006","40"
"3007","102"
"3008","234"
"3008","235"
"3010","234"
"3012","87"
"3012","234"
"3013","122"
"3014","104"
"3014","225"
"3014","234"
"3016","21"
"3016","111"
"3016","177"
"3018","225"
"3020","241"
"3021","170"
"3021","225"
"3022","225"
"3023","2"
"3023","45"
"3023","99"
"3023","154"
"3023","242"
"3024","154"
"3024","242"
"3025","225"
"3026","32"
"3026","63"
"3026","65"
"3026","67"
"3026","79"
"3026","81"
"3026","95"
"3026","100"
"3026","102"
"3026","104"
"3026","105"
"3026","110"
"3026","113"
"3026","116"
"3026","135"
"3026","139"
"3026","140"
"3026","141"
"3026","143"
"3026","144"
"3026","152"
"3026","155"
"3026","165"
"3026","166"
"3026","183"
"3026","243"
"3029","40"
"3030","40"
"3031","241"
"3035","225"
"3037","107"
"3038","242"
"3041","74"
"3041","95"
"3041","132"
"3041","243"
"3042","40"
"3042","49"
"3042","57"
"3042","112"
"3044","122"
"3045","12"
"3045","57"
"3045","63"
"3045","95"
"3045","133"
"3045","160"
"3045","243"
"3046","225"
"3046","244"
"3046","245"
"3047","122"
"3048","40"
"3048","122"
"3050","75"
"3050","167"
"3051","75"
"3051","179"
"3052","23"
"3052","63"
"3052","74"
"3053","241"
"3054","244"
"3054","245"
"3055","40"
"3055","124"
"3057","244"
"3059","244"
"3060","56"
"3060","246"
"3061","59"
"3064","246"
"3065","247"
"3067","122"
"3067","146"
"3068","248"
"3069","73"
"3069","249"
"3071","122"
"3074","31"
"3076","122"
"3077","40"
"3077","85"
"3077","127"
"3077","248"
"3077","250"
"3079","72"
"3079","248"
"3079","251"
"3080","43"
"3081","31"
"3081","253"
"3082","248"
"3083","248"
"3084","6"
"3084","71"
"3084","248"
"3085","248"
"3085","254"
"3086","248"
"3086","255"
"3088","253"
"3088","256"
"3088","257"
"3088","258"
"3089","163"
"3089","256"
"3090","253"
"3090","257"
"3090","259"
"3091","248"
"3092","253"
"3092","257"
"3093","46"
"3094","253"
"3094","257"
"3094","259"
"3094","260"
"3095","261"
"3100","108"
"3100","225"
"3101","248"
"3102","5"
"3102","248"
"3105","262"
"3106","262"
"3108","241"
"3109","40"
"3109","70"
"3109","169"
"3109","170"
"3114","95"
"3114","262"
"3115","248"
"3116","244"
"3118","149"
"3120","263"
"3124","24"
"3124","40"
"3124","264"
"3125","162"
"3125","265"
"3125","266"
"3126","265"
"3126","267"
"3126","268"
"3127","43"
"3127","102"
"3127","268"
"3128","268"
"3129","265"
"3129","268"
"3130","265"
"3130","267"
"3130","268"
"3131","265"
"3131","268"
"3132","269"
"3133","180"
"3133","265"
"3134","241"
"3135","95"
"3136","265"
"3136","267"
"3136","268"
"3138","268"
"3139","136"
"3139","173"
"3139","270"
"3140","40"
"3142","126"
"3142","268"
"3143","268"
"3146","225"
"3146","244"
"3147","40"
"3148","624"
"3148","625"
"3149","40"
"3149","624"
"3149","626"
"3149","627"
"3151","628"
"3151","629"
"3152","122"
"3153","628"
"3156","630"
"3157","595"
"3157","632"
"3157","633"
"3157","634"
"3157","635"
"3157","636"
"3157","637"
"3157","638"
"3158","593"
"3158","594"
"3158","595"
"3163","186"
"3163","639"
"3164","40"
"3164","631"
"3164","640"
"3165","640"
"3165","641"
"3166","642"
"3170","643"
"3173","644"
"3175","645"
"3175","646"
"3176","645"
"3176","646"
"3176","647"
"3182","98"
"3182","241"
"3182","648"
"3183","34"
"3183","241"
"3183","649"
"3186","141"
"3186","247"
"3186","650"
"3186","651"
"3186","652"
"3186","653"
"3186","654"
"3186","655"
"3186","657"
"3186","658"
"3186","659"
"3186","660"
"3186","661"
"3189","647"
"3189","662"
"3190","663"
"3190","902"
"3192","664"
"3193","665"
"3194","40"
"3195","40"
"3197","666"
"3197","667"
"3197","669"
"3197","797"
"3199","670"
"3201","270"
"3204","40"
"3206","671"
"3207","40"
"3207","95"
"3207","672"
"3210","673"
"3214","247"
"3215","674"
"3216","40"
"3223","675"
"3223","676"
"3224","677"
"3227","17"
"3227","40"
"3228","678"
"3229","679"
"3230","40"
"3231","241"
"3232","232"
"3233","613"
"3236","40"
"3236","680"
"3237","681"
"3237","682"
"3238","683"
"3239","684"
"3241","1118"
"3242","685"
"3243","685"
"3243","1118"
"3244","40"
"3244","683"
"3245","614"
"3245","1118"
"3246","686"
"3246","687"
"3246","1118"
"3247","688"
"3248","520"
"3248","689"
"3248","690"
"3248","1118"
"3249","691"
"3249","1118"
"3251","213"
"3251","1118"
"3252","213"
"3252","1118"
"3253","91"
"3253","1118"
"3254","213"
"3254","1118"
"3255","27"
"3255","692"
"3255","693"
"3255","1118"
"3256","27"
"3256","692"
"3257","688"
"3259","40"
"3259","694"
"3260","694"
"3261","695"
"3261","696"
"3261","1118"
"3262","696"
"3262","697"
"3262","1118"
"3263","698"
"3263","699"
"3264","1118"
"3265","241"
"3266","700"
"3267","1118"
"3268","1118"
"3270","702"
"3270","1118"
"3272","226"
"3272","672"
"3274","1118"
"3275","703"
"3275","1118"
"3276","1118"
"3280","704"
"3280","1118"
"3281","705"
"3281","706"
"3303","63"
"3303","707"
"3305","598"
"3314","708"
"3317","709"
"3317","710"
"3317","711"
"3317","712"
"3321","632"
"3321","713"
"3325","40"
"3325","95"
"3325","714"
"3330","715"
"3330","716"
"3330","717"
"3332","40"
"3333","40"
"3333","78"
"3333","240"
"3333","444"
"3333","718"
"3333","719"
"3334","40"
"3334","78"
"3334","145"
"3334","240"
"3334","720"
"3334","721"
"3336","26"
"3336","40"
"3336","722"
"3336","723"
"3336","724"
"3337","186"
"3339","725"
"3339","726"
"3339","727"
"3343","102"
"3345","40"
"3349","40"
"3358","728"
"3358","729"
"3359","730"
"3361","40"
"3361","240"
"3361","688"
"3361","731"
"3361","732"
"3361","733"
"3362","734"
"3366","735"
"3368","734"
"3368","736"
"3368","737"
"3369","734"
"3369","737"
"3370","738"
"3371","739"
"3377","124"
"3377","734"
"3378","124"
"3378","672"
"3380","40"
"3386","199"
"3386","200"
"3386","201"
"3386","202"
"3388","602"
"3388","603"
"3388","604"
"3388","606"
"3388","607"
"3388","608"
"3389","609"
"3389","610"
"3390","598"
"3392","1118"
"3393","611"
"3394","113"
"3394","135"
"3394","143"
"3394","192"
"3394","193"
"3394","194"
"3394","196"
"3394","197"
"3394","198"
"3394","214"
"3394","524"
"3396","599"
"3398","601"
"3399","40"
"3401","124"
"3403","208"
"3406","195"
"3406","203"
"3407","205"
"3407","206"
"3407","207"
"3408","600"
"3410","40"
"3411","40"
"3413","40"
"3413","95"
"3414","40"
"3414","596"
"3417","209"
"3417","210"
"3421","740"
"3423","741"
"3424","619"
"3424","742"
"3425","743"
"3426","239"
"3426","615"
"3426","616"
"3426","617"
"3426","618"
"3426","619"
"3426","620"
"3426","621"
"3428","744"
"3429","745"
"3429","746"
"3430","747"
"3430","748"
"3433","40"
"3436","362"
"3436","555"
"3436","749"
"3436","750"
"3436","751"
"3436","764"
"3438","752"
"3438","753"
"3438","754"
"3438","755"
"3440","756"
"3441","757"
"3441","758"
"3441","759"
"3441","760"
"3441","761"
"3441","763"
"3446","765"
"3453","766"
"3453","767"
"3458","768"
"3459","40"
"3459","102"
"3459","768"
"3461","769"
"3463","40"
"3463","770"
"3466","40"
"3469","771"
"3469","772"
"3469","773"
"3470","774"
"3470","775"
"3470","776"
"3471","777"
"3471","778"
"3473","779"
"3475","328"
"3476","780"
"3477","782"
"3477","783"
"3478","784"
"3480","40"
"3481","40"
"3481","785"
"3487","318"
"3491","921"
"3491","922"
"3496","95"
"3499","40"
"3499","830"
"3499","1097"
"3507","565"
"3507","566"
"3507","567"
"3507","568"
"3507","569"
"3507","570"
"3507","571"
"3507","572"
"3518","241"
"3518","271"
"3518","272"
"3520","241"
"3523","40"
"3524","473"
"3524","574"
"3528","1098"
"3528","1099"
"3529","35"
"3529","1100"
"3536","434"
"3543","923"
"3543","924"
"3547","575"
"3564","577"
"3564","578"
"3566","157"
"3566","1111"
"3570","579"
"3571","212"
"3592","40"
"3593","241"
"3598","597"
"3599","32"
"3599","156"
"3599","211"
"6729","11"
"6729","292"
"6729","293"
"7142","316"
"7691","349"
"7727","796"
"7749","42"
"7798","226"
"7798","350"
"7831","351"
"8014","355"
"9403","431"
"9403","432"
"9403","433"
"9411","434"
"9418","435"
"10615","526"
"14430","781"
"14535","786"
"17084","925"
"18751","1102"
"18759","1103"
"18759","1104"
"18768","1105"
"18775","1106"
"18851","26"
"18851","1110"
"18851","1112"
"18948","1113"
"18956","1114"
"18956","1115"
"19000","1117"
"19268","240"
"19268","1122"
"19268","1123"
"19268","1124"
"19354","318"
"19394","40"
"19572","358"
"19572","1125"
"19572","1126"
"19572","1127"
"19598","469"
"19598","1129"
"19634","509"
"19634","1128"
"19637","509"
"19653","464"
"19653","1130"
"19664","440"
"19664","1131"
"19667","464"
"19670","250"
"19670","440"
"19672","479"
"19672","481"
"19674","1132"
"19875","867"
"19905","270"
"20015","1133"
