"post_id","others_id"
"1778","59"
"1778","99"
"1778","102"
"1779","99"
"1780","134"
"1780","141"
"1781","99"
"1781","142"
"1782","52"
"1782","62"
"1782","99"
"1783","143"
"1787","101"
"1788","52"
"1788","84"
"1788","108"
"1789","124"
"1790","52"
"1791","79"
"1792","81"
"1793","52"
"1793","75"
"1793","99"
"1794","52"
"1794","65"
"1794","144"
"1796","65"
"1796","142"
"1799","142"
"1800","52"
"1804","32"
"1804","40"
"1805","40"
"1807","52"
"1807","79"
"1809","49"
"1812","136"
"1813","52"
"1814","52"
"1815","36"
"1815","50"
"1816","146"
"1816","147"
"1817","36"
"1818","36"
"1819","104"
"1820","52"
"1821","106"
"1822","12"
"1822","52"
"1825","104"
"1827","24"
"1827","79"
"1827","124"
"1827","130"
"1827","148"
"1827","149"
"1828","29"
"1829","75"
"1832","99"
"1834","102"
"1834","130"
"1840","30"
"1841","62"
"1842","104"
"1843","62"
"1844","104"
"1848","151"
"1849","104"
"1850","104"
"1852","52"
"1853","104"
"1854","102"
"1855","148"
"1856","103"
"1857","104"
"1858","103"
"1858","104"
"1859","27"
"1860","81"
"1862","150"
"1865","52"
"1865","102"
"1867","104"
"1868","52"
"1868","81"
"1868","108"
"1869","102"
"1870","52"
"1870","103"
"1871","135"
"1872","81"
"1873","81"
"1877","52"
"1878","52"
"1878","73"
"1879","52"
"1879","73"
"1880","151"
"1881","52"
"1881","135"
"1882","104"
"1883","99"
"1883","102"
"1884","52"
"1884","135"
"1885","30"
"1891","1"
"1893","102"
"1895","50"
"1896","50"
"1897","50"
"1900","150"
"1901","95"
"1901","97"
"1901","99"
"1901","151"
"1906","152"
"1906","153"
"1907","52"
"1907","152"
"1907","153"
"1909","63"
"1911","69"
"1912","52"
"1913","63"
"1913","153"
"1913","159"
"1914","152"
"1914","153"
"1914","155"
"1915","52"
"1916","160"
"1916","161"
"1917","162"
"1919","163"
"1920","52"
"1921","89"
"1921","104"
"1922","52"
"1922","108"
"1923","69"
"1923","104"
"1924","66"
"1924","89"
"1924","104"
"1925","62"
"1925","69"
"1926","52"
"1926","153"
"1927","153"
"1930","164"
"1932","52"
"1934","69"
"1936","165"
"1937","102"
"1937","166"
"1939","160"
"1940","134"
"1940","160"
"1940","167"
"1941","19"
"1942","104"
"1943","167"
"1944","29"
"1944","167"
"1945","111"
"1945","168"
"1948","258"
"1949","26"
"1949","52"
"1951","30"
"1951","139"
"1952","151"
"1954","30"
"1954","42"
"1955","160"
"1955","169"
"1956","111"
"1958","69"
"1958","170"
"1965","151"
"1967","78"
"1969","29"
"1970","20"
"1970","39"
"1970","45"
"1971","99"
"1972","111"
"1974","52"
"1975","167"
"1976","167"
"1978","167"
"1979","167"
"1981","63"
"1981","142"
"1981","159"
"1981","171"
"1981","172"
"1982","142"
"1982","171"
"1982","172"
"1983","81"
"1984","167"
"1988","159"
"1994","78"
"1995","69"
"1995","76"
"1995","165"
"1996","104"
"2000","144"
"2002","69"
"2003","89"
"2003","104"
"2005","104"
"2007","63"
"2007","69"
"2007","145"
"2007","160"
"2008","40"
"2008","69"
"2008","145"
"2008","160"
"2008","173"
"2009","104"
"2010","91"
"2010","145"
"2010","167"
"2010","174"
"2013","78"
"2013","104"
"2013","145"
"2013","177"
"2014","144"
"2014","160"
"2014","175"
"2014","177"
"2015","165"
"2015","176"
"2015","177"
"2016","177"
"2016","178"
"2017","78"
"2017","177"
"2018","78"
"2018","160"
"2018","167"
"2018","169"
"2018","177"
"2019","78"
"2019","160"
"2019","169"
"2019","177"
"2020","160"
"2020","177"
"2021","160"
"2021","177"
"2022","78"
"2022","177"
"2023","89"
"2023","104"
"2026","78"
"2026","177"
"2026","178"
"2027","160"
"2027","167"
"2027","177"
"2028","52"
"2028","78"
"2028","160"
"2028","177"
"2029","173"
"2029","177"
"2030","29"
"2030","142"
"2030","172"
"2030","173"
"2030","177"
"2032","29"
"2032","142"
"2032","172"
"2032","173"
"2032","177"
"2032","179"
"2033","134"
"2033","177"
"2033","180"
"2034","29"
"2034","134"
"2034","177"
"2034","178"
"2035","78"
"2035","177"
"2036","76"
"2036","78"
"2036","134"
"2037","177"
"2039","177"
"2042","177"
"2047","52"
"2049","78"
"2050","52"
"2050","181"
"2051","167"
"2052","167"
"2053","167"
"2054","78"
"2054","160"
"2057","52"
"2057","104"
"2059","150"
"2060","78"
"2060","167"
"2061","160"
"2061","167"
"2062","167"
"2064","172"
"2065","167"
"2065","172"
"2067","38"
"2068","160"
"2069","69"
"2070","89"
"2070","104"
"2072","167"
"2073","160"
"2073","181"
"2076","160"
"2076","169"
"2077","29"
"2078","89"
"2078","104"
"2079","52"
"2079","160"
"2079","167"
"2080","167"
"2081","52"
"2083","165"
"2083","183"
"2084","183"
"2088","89"
"2088","104"
"2092","52"
"2092","63"
"2092","94"
"2093","89"
"2093","104"
"2096","78"
"2096","145"
"2098","104"
"2100","57"
"2100","145"
"2100","160"
"2101","78"
"2101","81"
"2101","145"
"2102","52"
"2103","78"
"2103","145"
"2104","52"
"2104","81"
"2104","173"
"2107","89"
"2107","104"
"2108","145"
"2113","184"
"2114","29"
"2116","52"
"2117","184"
"2118","167"
"2119","173"
"2120","30"
"2120","94"
"2120","139"
"2121","75"
"2122","38"
"2125","123"
"2125","126"
"2128","90"
"2131","79"
"2133","78"
"2134","139"
"2136","52"
"2136","145"
"2139","78"
"2139","81"
"2139","145"
"2139","172"
"2140","94"
"2142","185"
"2142","186"
"2146","29"
"2148","104"
"2149","52"
"2149","108"
"2150","89"
"2150","104"
"2150","116"
"2152","49"
"2152","52"
"2153","78"
"2154","42"
"2154","139"
"2155","184"
"2156","78"
"2156","145"
"2158","41"
"2158","80"
"2159","145"
"2162","145"
"2163","52"
"2163","187"
"2164","30"
"2164","41"
"2165","145"
"2166","91"
"2167","112"
"2168","145"
"2170","167"
"2171","167"
"2173","45"
"2173","89"
"2173","104"
"2174","160"
"2174","188"
"2174","189"
"2174","190"
"2175","152"
"2175","160"
"2175","188"
"2175","190"
"2177","52"
"2179","52"
"2180","167"
"2181","167"
"2182","145"
"2182","167"
"2183","167"
"2184","191"
"2185","50"
"2185","89"
"2185","104"
"2186","167"
"2186","192"
"2187","52"
"2189","167"
"2190","50"
"2190","190"
"2191","145"
"2191","167"
"2191","188"
"2192","145"
"2193","145"
"2194","145"
"2195","73"
"2195","188"
"2196","145"
"2196","193"
"2198","160"
"2199","193"
"2200","193"
"2201","89"
"2201","104"
"2204","145"
"2206","188"
"2206","194"
"2207","89"
"2207","104"
"2209","89"
"2210","76"
"2210","99"
"2210","188"
"2210","195"
"2211","142"
"2213","78"
"2213","196"
"2214","167"
"2215","41"
"2215","195"
"2216","145"
"2217","195"
"2219","145"
"2221","52"
"2222","160"
"2223","52"
"2224","150"
"2226","145"
"2227","78"
"2227","197"
"2228","145"
"2228","167"
"2229","145"
"2229","160"
"2229","167"
"2229","169"
"2231","38"
"2231","198"
"2234","89"
"2234","104"
"2237","145"
"2241","160"
"2242","160"
"2242","167"
"2243","52"
"2245","173"
"2246","29"
"2246","173"
"2247","167"
"2247","173"
"2248","160"
"2249","188"
"2250","26"
"2250","37"
"2251","73"
"2254","52"
"2255","104"
"2258","160"
"2260","188"
"2264","188"
"2265","52"
"2265","99"
"2267","89"
"2268","52"
"2268","76"
"2269","173"
"2269","202"
"2271","36"
"2271","123"
"2272","160"
"2277","76"
"2278","202"
"2282","202"
"2283","76"
"2283","202"
"2284","76"
"2284","188"
"2286","145"
"2286","202"
"2288","21"
"2288","104"
"2288","130"
"2289","89"
"2289","104"
"2290","188"
"2291","89"
"2291","104"
"2293","126"
"2294","104"
"2294","188"
"2295","13"
"2296","5"
"2296","50"
"2296","52"
"2296","94"
"2296","104"
"2298","78"
"2298","160"
"2299","104"
"2301","26"
"2301","37"
"2304","76"
"2304","78"
"2306","104"
"2307","104"
"2308","167"
"2311","52"
"2311","59"
"2311","76"
"2311","78"
"2311","172"
"2311","204"
"2313","145"
"2313","205"
"2315","140"
"2317","21"
"2322","52"
"2327","104"
"2328","145"
"2328","205"
"2329","137"
"2329","205"
"2330","145"
"2331","123"
"2331","205"
"2332","205"
"2333","99"
"2333","205"
"2333","206"
"2334","123"
"2334","205"
"2335","205"
"2337","111"
"2338","123"
"2343","52"
"2343","203"
"2344","52"
"2345","123"
"2345","167"
"2347","81"
"2347","94"
"2347","207"
"2348","20"
"2348","26"
"2348","52"
"2356","32"
"2356","40"
"2356","81"
"2356","151"
"2357","108"
"2361","145"
"2365","30"
"2369","104"
"2370","29"
"2371","104"
"2372","10"
"2372","150"
"2372","188"
"2373","30"
"2374","104"
"2376","152"
"2377","52"
"2379","104"
"2381","145"
"2382","104"
"2384","104"
"2389","52"
"2390","52"
"2391","5"
"2391","75"
"2391","81"
"2393","52"
"2395","52"
"2395","135"
"2402","52"
"2402","69"
"2408","52"
"2411","73"
"2411","104"
"2413","3"
"2413","17"
"2413","54"
"2416","73"
"2416","130"
"2417","104"
"2419","104"
"2421","104"
"2422","73"
"2422","89"
"2422","104"
"2423","50"
"2423","240"
"2424","150"
"2425","76"
"2425","125"
"2425","237"
"2427","10"
"2427","104"
"2429","107"
"2432","80"
"2434","73"
"2434","104"
"2435","36"
"2437","52"
"2438","104"
"2438","107"
"2445","87"
"2449","238"
"2449","240"
"2458","104"
"2459","104"
"2460","239"
"2461","104"
"2462","104"
"2465","116"
"2465","240"
"2466","104"
"2467","50"
"2472","5"
"2474","75"
"2474","99"
"2474","180"
"2475","104"
"2485","30"
"2488","116"
"2488","170"
"2488","241"
"2490","116"
"2496","150"
"2497","99"
"2497","170"
"2498","151"
"2500","116"
"2501","116"
"2503","116"
"2505","116"
"2510","104"
"2512","160"
"2512","169"
"2516","262"
"2520","104"
"2520","116"
"2521","40"
"2521","55"
"2521","99"
"2521","111"
"2522","160"
"2524","108"
"2531","173"
"2532","104"
"2532","242"
"2534","52"
"2534","108"
"2537","30"
"2537","80"
"2537","94"
"2538","52"
"2538","81"
"2538","173"
"2539","6"
"2542","160"
"2543","5"
"2543","107"
"2545","160"
"2545","173"
"2546","52"
"2548","104"
"2550","5"
"2555","94"
"2556","101"
"2559","243"
"2562","52"
"2563","23"
"2563","156"
"2569","160"
"2569","173"
"2570","71"
"2570","104"
"2570","107"
"2571","160"
"2572","40"
"2572","116"
"2572","201"
"2573","40"
"2574","52"
"2574","244"
"2575","52"
"2577","32"
"2577","40"
"2579","21"
"2579","111"
"2580","50"
"2581","21"
"2581","173"
"2582","50"
"2583","21"
"2586","59"
"2586","78"
"2586","160"
"2588","59"
"2588","160"
"2589","160"
"2590","104"
"2590","116"
"2590","243"
"2593","151"
"2595","23"
"2599","160"
"2600","104"
"2600","116"
"2607","52"
"2611","29"
"2616","41"
"2617","160"
"2620","99"
"2621","160"
"2625","173"
"2625","245"
"2630","99"
"2630","236"
"2633","102"
"2633","173"
"2636","173"
"2637","52"
"2638","52"
"2640","160"
"2645","75"
"2648","161"
"2649","104"
"2649","246"
"2651","29"
"2652","111"
"2653","40"
"2653","52"
"2654","160"
"2655","172"
"2655","248"
"2656","160"
"2657","173"
"2658","111"
"2659","52"
"2659","160"
"2661","47"
"2670","54"
"2672","107"
"2673","172"
"2673","180"
"2675","19"
"2675","41"
"2678","52"
"2679","148"
"2680","160"
"2682","249"
"2684","173"
"2688","208"
"2697","173"
"2698","111"
"2698","167"
"2699","111"
"2699","236"
"2701","107"
"2703","236"
"2704","135"
"2704","236"
"2705","104"
"2705","116"
"2708","32"
"2710","23"
"2713","32"
"2714","160"
"2714","172"
"2714","248"
"2714","250"
"2716","54"
"2716","216"
"2716","233"
"2716","258"
"2717","116"
"2718","107"
"2720","31"
"2728","32"
"2730","52"
"2730","62"
"2733","99"
"2733","104"
"2740","32"
"2741","100"
"2743","23"
"2745","50"
"2746","85"
"2747","52"
"2748","160"
"2749","40"
"2749","52"
"2753","32"
"2755","52"
"2755","116"
"2758","52"
"2761","76"
"2762","108"
"2762","111"
"2764","52"
"2765","173"
"2766","52"
"2766","75"
"2767","62"
"2768","160"
"2768","173"
"2768","251"
"2769","23"
"2769","52"
"2771","6"
"2771","111"
"2772","160"
"2772","172"
"2772","248"
"2775","23"
"2775","130"
"2777","52"
"2781","246"
"2783","23"
"2783","52"
"2783","173"
"2785","44"
"2785","172"
"2789","52"
"2790","173"
"2790","245"
"2793","52"
"2793","68"
"2794","52"
"2794","173"
"2794","245"
"2797","73"
"2797","75"
"2798","146"
"2800","252"
"2801","99"
"2802","52"
"2811","30"
"2816","253"
"2819","254"
"2824","29"
"2824","160"
"2825","23"
"2825","31"
"2825","51"
"2828","216"
"2829","68"
"2830","52"
"2833","137"
"2834","29"
"2834","68"
"2834","137"
"2835","68"
"2835","79"
"2835","148"
"2836","54"
"2837","52"
"2838","32"
"2842","52"
"2844","255"
"2845","180"
"2846","85"
"2849","160"
"2849","172"
"2849","248"
"2851","47"
"2853","32"
"2854","23"
"2855","23"
"2856","23"
"2857","41"
"2858","31"
"2858","52"
"2858","93"
"2859","52"
"2860","85"
"2866","52"
"2867","207"
"2868","32"
"2868","207"
"2868","256"
"2871","259"
"2872","7"
"2872","160"
"2874","23"
"2874","32"
"2874","93"
"2875","52"
"2875","160"
"2876","52"
"2877","52"
"2881","50"
"2882","94"
"2884","52"
"2884","160"
"2887","52"
"2889","52"
"2890","32"
"2895","52"
"2896","48"
"2897","23"
"2897","31"
"2897","93"
"2899","167"
"2901","52"
"2902","53"
"2903","48"
"2904","52"
"2905","44"
"2909","257"
"2910","32"
"2911","83"
"2912","31"
"2913","31"
"2913","160"
"2914","52"
"2914","160"
"2917","10"
"2917","48"
"2918","151"
"2919","151"
"2922","245"
"2923","116"
"2927","23"
"2930","52"
"2932","50"
"2934","123"
"2936","119"
"2938","124"
"2939","67"
"2939","107"
"2940","107"
"2945","59"
"2948","123"
"2949","123"
"2952","124"
"2952","127"
"2953","124"
"2954","59"
"2955","32"
"2955","123"
"2956","75"
"2956","79"
"2956","86"
"2957","50"
"2960","46"
"2960","63"
"2961","13"
"2961","22"
"2961","33"
"2961","46"
"2963","50"
"2964","52"
"2964","107"
"2968","127"
"2971","52"
"2972","10"
"2972","59"
"2972","108"
"2972","112"
"2973","52"
"2975","52"
"2977","98"
"2978","52"
"2979","56"
"2979","119"
"2980","52"
"2981","52"
"2983","52"
"2983","108"
"2984","108"
"2985","52"
"2985","102"
"2986","56"
"2986","70"
"2986","86"
"2986","102"
"2991","102"
"2993","102"
"2994","41"
"2995","50"
"2995","52"
"2995","96"
"2995","130"
"3000","59"
"3001","52"
"3002","11"
"3002","59"
"3004","52"
"3004","102"
"3005","62"
"3005","160"
"3006","79"
"3007","127"
"3008","13"
"3008","52"
"3012","41"
"3014","79"
"3014","102"
"3014","131"
"3016","132"
"3017","15"
"3017","119"
"3017","125"
"3018","11"
"3018","52"
"3021","130"
"3022","52"
"3023","52"
"3023","121"
"3024","52"
"3024","121"
"3026","167"
"3027","123"
"3036","107"
"3038","52"
"3039","107"
"3040","52"
"3041","167"
"3042","167"
"3043","52"
"3045","167"
"3047","119"
"3048","50"
"3051","160"
"3052","52"
"3052","167"
"3054","50"
"3054","56"
"3055","133"
"3056","125"
"3056","167"
"3057","56"
"3061","121"
"3062","157"
"3063","119"
"3066","121"
"3068","52"
"3072","160"
"3074","52"
"3074","102"
"3077","52"
"3083","52"
"3087","121"
"3088","52"
"3090","52"
"3090","102"
"3091","52"
"3093","167"
"3094","52"
"3096","103"
"3098","52"
"3098","103"
"3101","52"
"3101","121"
"3102","52"
"3102","154"
"3105","52"
"3106","108"
"3107","134"
"3112","119"
"3114","102"
"3115","99"
"3115","134"
"3116","52"
"3116","102"
"3117","52"
"3120","20"
"3120","43"
"3120","52"
"3122","30"
"3125","50"
"3126","52"
"3126","62"
"3126","135"
"3128","52"
"3129","101"
"3129","108"
"3131","102"
"3133","108"
"3134","123"
"3135","123"
"3136","76"
"3137","3"
"3139","99"
"3141","136"
"3142","52"
"3143","137"
"3144","30"
"3144","138"
"3144","139"
"3146","52"
"3150","54"
"3150","77"
"3151","214"
"3151","216"
"3153","216"
"3154","52"
"3155","52"
"3156","52"
"3156","83"
"3156","217"
"3157","52"
"3160","52"
"3162","31"
"3162","34"
"3162","82"
"3162","93"
"3162","218"
"3164","52"
"3164","83"
"3164","104"
"3165","23"
"3165","31"
"3165","37"
"3166","160"
"3167","23"
"3168","52"
"3168","160"
"3171","83"
"3174","52"
"3175","52"
"3175","219"
"3176","52"
"3178","111"
"3181","75"
"3184","31"
"3184","82"
"3184","114"
"3185","160"
"3189","52"
"3190","52"
"3191","32"
"3197","23"
"3197","32"
"3202","216"
"3205","31"
"3205","82"
"3206","108"
"3206","160"
"3208","52"
"3209","52"
"3209","220"
"3210","23"
"3210","52"
"3211","52"
"3211","221"
"3213","32"
"3213","52"
"3215","31"
"3215","34"
"3215","82"
"3216","52"
"3216","82"
"3220","73"
"3220","82"
"3220","223"
"3221","224"
"3224","50"
"3224","75"
"3225","160"
"3226","30"
"3226","225"
"3227","225"
"3228","225"
"3230","225"
"3231","225"
"3232","85"
"3232","225"
"3235","225"
"3236","52"
"3236","53"
"3236","83"
"3238","25"
"3239","35"
"3239","40"
"3239","112"
"3239","165"
"3239","226"
"3245","48"
"3246","46"
"3246","227"
"3246","228"
"3248","29"
"3248","130"
"3249","137"
"3250","23"
"3258","221"
"3259","9"
"3259","229"
"3260","61"
"3260","75"
"3262","29"
"3263","52"
"3263","230"
"3265","5"
"3266","52"
"3266","216"
"3271","2"
"3271","9"
"3271","16"
"3271","111"
"3272","5"
"3273","160"
"3278","160"
"3281","160"
"3284","52"
"3297","126"
"3300","52"
"3301","52"
"3301","88"
"3315","52"
"3319","58"
"3319","82"
"3323","2"
"3323","115"
"3324","211"
"3326","44"
"3328","123"
"3328","126"
"3332","75"
"3336","121"
"3336","184"
"3337","75"
"3338","88"
"3339","6"
"3339","75"
"3341","82"
"3346","231"
"3347","52"
"3352","21"
"3357","14"
"3357","23"
"3358","31"
"3358","34"
"3358","82"
"3358","218"
"3361","146"
"3362","124"
"3362","127"
"3363","62"
"3365","31"
"3365","82"
"3367","30"
"3376","160"
"3381","82"
"3382","160"
"3383","111"
"3385","23"
"3386","31"
"3386","32"
"3386","40"
"3386","75"
"3386","79"
"3388","35"
"3388","210"
"3388","211"
"3389","119"
"3391","31"
"3391","40"
"3391","102"
"3391","108"
"3394","44"
"3394","52"
"3394","75"
"3394","108"
"3394","111"
"3395","44"
"3396","82"
"3396","114"
"3398","112"
"3404","121"
"3407","52"
"3407","104"
"3407","116"
"3408","23"
"3408","115"
"3408","120"
"3409","50"
"3409","52"
"3409","113"
"3410","113"
"3411","51"
"3411","52"
"3411","113"
"3412","48"
"3412","52"
"3412","212"
"3413","209"
"3414","6"
"3414","14"
"3415","117"
"3416","44"
"3416","52"
"3416","113"
"3418","52"
"3419","64"
"3419","88"
"3419","210"
"3420","44"
"3420","109"
"3420","110"
"3420","111"
"3421","23"
"3421","52"
"3421","71"
"3421","111"
"3421","160"
"3421","180"
"3422","52"
"3422","111"
"3423","52"
"3424","111"
"3425","113"
"3425","232"
"3427","32"
"3427","52"
"3427","160"
"3430","32"
"3430","40"
"3430","64"
"3430","75"
"3430","111"
"3430","114"
"3435","68"
"3437","31"
"3438","233"
"3439","23"
"3441","32"
"3441","111"
"3442","211"
"3442","234"
"3443","72"
"3445","180"
"3446","211"
"3450","211"
"3451","23"
"3451","31"
"3456","23"
"3457","82"
"3458","13"
"3458","82"
"3459","82"
"3459","211"
"3460","23"
"3461","31"
"3463","137"
"3466","23"
"3466","78"
"3467","52"
"3468","160"
"3468","235"
"3469","40"
"3469","114"
"3469","232"
"3470","40"
"3470","51"
"3470","114"
"3471","40"
"3473","64"
"3473","82"
"3473","180"
"3477","223"
"3477","232"
"3478","64"
"3479","64"
"3480","64"
"3480","114"
"3480","236"
"3485","116"
"3486","52"
"3486","116"
"3487","79"
"3491","40"
"3491","81"
"3493","24"
"3493","45"
"3493","52"
"3493","96"
"3496","167"
"3502","52"
"3502","71"
"3505","23"
"3507","29"
"3508","102"
"3508","108"
"3510","208"
"3514","79"
"3518","52"
"3519","31"
"3519","52"
"3521","52"
"3521","76"
"3521","94"
"3524","54"
"3526","23"
"3528","54"
"3529","52"
"3530","23"
"3531","52"
"3536","108"
"3540","23"
"3542","52"
"3543","78"
"3544","23"
"3545","31"
"3547","52"
"3547","54"
"3548","52"
"3549","52"
"3552","103"
"3553","130"
"3557","38"
"3562","89"
"3562","104"
"3564","29"
"3565","260"
"3571","137"
"3571","140"
"3574","89"
"3576","52"
"3580","112"
"3583","52"
"3586","52"
"3587","51"
"3594","48"
"3594","82"
"3594","211"
"3599","23"
"3599","31"
"3601","52"
"3603","35"
"3604","31"
"3606","52"
"3607","107"
"3608","52"
"3609","82"
"3610","23"
"3611","52"
"3908","104"
"7267","52"
"7691","121"
"7691","125"
"7691","154"
"7710","155"
"7727","156"
"7727","157"
"7759","124"
"7759","158"
"7783","111"
"7798","30"
"7831","80"
"7883","104"
"7902","23"
"7902","72"
"8652","23"
"8652","71"
"9343","23"
"9343","72"
"9343","182"
"9348","23"
"9348","72"
"9355","23"
"9355","72"
"9362","23"
"9362","72"
"9369","23"
"9369","72"
"9374","23"
"9374","72"
"9379","23"
"9379","72"
"9379","182"
"9389","23"
"9389","72"
"9398","23"
"9398","72"
"9403","71"
"9403","72"
"9403","182"
"9411","108"
"9418","52"
"9418","72"
"9425","23"
"9425","71"
"9425","72"
"9425","99"
"9425","182"
"10615","142"
"10615","160"
"10615","172"
"10615","199"
"10615","200"
"14430","107"
"14540","52"
"18100","251"
"18751","52"
"18759","148"
"18956","82"
"19000","180"
"19054","52"
"19064","6"
"19064","201"
"19162","81"
"19162","123"
"19162","207"
"19268","82"
"19282","52"
"19298","81"
"19298","89"
"19298","104"
"19373","52"
"19419","207"
"19551","169"
"19572","263"
"19598","78"
"19634","145"
"19643","165"
"19651","152"
"19651","161"
"19651","258"
"19653","81"
"19653","145"
"19655","142"
"19664","264"
"19667","145"
"19667","169"
"19670","145"
"19839","104"
"19866","265"
