"post_id","persons_id"
"1778","263"
"1779","263"
"1779","378"
"1779","1810"
"1779","1818"
"1779","1819"
"1780","263"
"1781","1143"
"1781","1244"
"1782","263"
"1783","1143"
"1783","1244"
"1784","263"
"1785","263"
"1785","981"
"1786","1143"
"1786","1244"
"1786","1396"
"1787","76"
"1787","263"
"1787","1062"
"1787","1301"
"1787","1582"
"1787","1672"
"1787","1819"
"1788","263"
"1789","313"
"1789","1044"
"1789","1606"
"1790","113"
"1790","237"
"1790","558"
"1791","344"
"1791","462"
"1791","464"
"1791","690"
"1791","798"
"1791","899"
"1791","1359"
"1791","1379"
"1792","116"
"1792","464"
"1792","691"
"1792","1379"
"1792","1820"
"1792","1821"
"1793","159"
"1793","1143"
"1793","1244"
"1793","1396"
"1793","1964"
"1794","1143"
"1795","351"
"1795","462"
"1795","464"
"1795","489"
"1795","1822"
"1796","852"
"1796","1143"
"1797","929"
"1797","1155"
"1797","1156"
"1797","1295"
"1798","263"
"1799","1143"
"1800","263"
"1801","795"
"1801","796"
"1801","797"
"1801","798"
"1801","1606"
"1802","263"
"1802","859"
"1802","1544"
"1802","1624"
"1802","1631"
"1803","1146"
"1804","491"
"1804","549"
"1804","567"
"1804","685"
"1804","798"
"1804","817"
"1804","843"
"1804","897"
"1804","898"
"1804","925"
"1804","926"
"1804","1000"
"1804","1243"
"1804","1244"
"1804","1475"
"1804","1513"
"1804","1823"
"1805","1243"
"1806","178"
"1806","237"
"1806","594"
"1806","1143"
"1806","1144"
"1808","178"
"1808","1143"
"1808","1144"
"1809","795"
"1809","1015"
"1809","1019"
"1809","1025"
"1810","263"
"1810","1393"
"1810","1520"
"1810","1824"
"1810","1825"
"1810","1826"
"1810","1827"
"1810","1828"
"1810","1829"
"1810","1830"
"1810","1831"
"1810","1832"
"1810","1833"
"1810","1834"
"1810","1835"
"1810","1836"
"1811","263"
"1811","1825"
"1811","1826"
"1811","1830"
"1811","1837"
"1812","159"
"1812","1157"
"1812","1252"
"1812","1533"
"1812","1539"
"1812","1624"
"1813","543"
"1813","544"
"1813","1653"
"1814","1475"
"1814","1622"
"1814","1623"
"1814","1842"
"1815","118"
"1815","1224"
"1815","1379"
"1815","1606"
"1815","1624"
"1816","796"
"1816","1301"
"1816","1577"
"1816","1578"
"1817","68"
"1817","118"
"1817","464"
"1817","669"
"1817","1015"
"1817","1224"
"1817","1379"
"1817","1606"
"1817","1624"
"1818","113"
"1818","464"
"1818","1326"
"1818","1379"
"1818","1511"
"1818","1843"
"1818","1844"
"1819","351"
"1819","534"
"1819","675"
"1819","1850"
"1819","1851"
"1819","1852"
"1819","1853"
"1820","259"
"1820","263"
"1820","1259"
"1821","263"
"1822","263"
"1822","567"
"1823","263"
"1823","482"
"1823","847"
"1824","162"
"1824","263"
"1824","482"
"1824","1065"
"1824","1397"
"1824","1606"
"1824","1724"
"1824","1825"
"1824","1827"
"1824","1830"
"1824","1834"
"1824","1846"
"1824","1848"
"1824","1849"
"1825","81"
"1825","675"
"1825","1850"
"1825","1851"
"1825","1852"
"1826","178"
"1826","263"
"1826","1143"
"1826","1825"
"1826","1828"
"1826","1836"
"1826","1854"
"1827","159"
"1827","384"
"1827","798"
"1827","981"
"1827","1061"
"1827","1520"
"1827","1855"
"1828","1475"
"1829","810"
"1829","1151"
"1829","1154"
"1830","494"
"1831","360"
"1831","361"
"1831","691"
"1831","992"
"1832","178"
"1834","263"
"1834","384"
"1834","1520"
"1835","161"
"1836","3"
"1836","161"
"1836","795"
"1836","1151"
"1836","1155"
"1836","1156"
"1836","1297"
"1836","1631"
"1837","259"
"1837","263"
"1837","482"
"1838","494"
"1838","549"
"1838","1541"
"1838","1606"
"1839","377"
"1839","1544"
"1840","798"
"1840","1015"
"1840","1155"
"1840","1156"
"1841","263"
"1842","81"
"1842","351"
"1842","538"
"1842","974"
"1843","263"
"1843","482"
"1843","629"
"1844","17"
"1844","351"
"1844","538"
"1845","263"
"1845","482"
"1845","629"
"1845","981"
"1845","1297"
"1846","558"
"1846","1541"
"1846","1607"
"1846","1613"
"1846","1856"
"1846","1857"
"1847","242"
"1847","594"
"1847","822"
"1848","340"
"1848","531"
"1848","558"
"1848","678"
"1848","1606"
"1848","2401"
"1849","17"
"1849","329"
"1849","351"
"1849","675"
"1849","1168"
"1850","81"
"1850","538"
"1850","675"
"1850","1168"
"1851","534"
"1851","538"
"1851","675"
"1851","973"
"1851","1168"
"1851","1255"
"1852","494"
"1852","549"
"1853","675"
"1853","1180"
"1853","1184"
"1854","263"
"1854","1065"
"1855","329"
"1855","675"
"1856","679"
"1856","680"
"1856","1297"
"1856","1775"
"1856","1859"
"1857","81"
"1857","327"
"1857","534"
"1857","538"
"1857","1860"
"1858","534"
"1858","538"
"1859","108"
"1859","126"
"1859","263"
"1859","266"
"1859","482"
"1859","1520"
"1859","1736"
"1859","1861"
"1860","1160"
"1860","1623"
"1861","159"
"1861","1862"
"1861","1863"
"1862","798"
"1862","1151"
"1862","1154"
"1862","1155"
"1862","1866"
"1862","1867"
"1862","1868"
"1863","361"
"1863","690"
"1863","691"
"1863","992"
"1864","692"
"1864","1046"
"1864","1582"
"1864","1587"
"1864","1599"
"1864","1626"
"1865","263"
"1865","1869"
"1866","15"
"1866","586"
"1866","1870"
"1867","81"
"1867","534"
"1867","538"
"1867","622"
"1867","973"
"1868","805"
"1868","1160"
"1868","1541"
"1869","263"
"1870","494"
"1870","679"
"1870","1151"
"1870","1223"
"1870","1475"
"1870","1533"
"1870","1871"
"1871","494"
"1871","549"
"1872","1160"
"1873","1160"
"1874","178"
"1874","244"
"1874","1144"
"1875","377"
"1876","929"
"1876","1295"
"1876","1872"
"1876","1873"
"1878","178"
"1878","263"
"1878","1144"
"1879","178"
"1879","263"
"1879","1065"
"1879","1143"
"1879","1144"
"1880","377"
"1880","816"
"1881","263"
"1881","549"
"1881","1144"
"1882","329"
"1882","538"
"1883","263"
"1883","589"
"1883","929"
"1883","930"
"1884","263"
"1885","798"
"1885","1015"
"1885","1410"
"1886","282"
"1886","538"
"1886","1874"
"1886","1875"
"1886","1876"
"1886","1877"
"1887","263"
"1887","1624"
"1888","1160"
"1888","1606"
"1888","1624"
"1888","1875"
"1888","1877"
"1889","83"
"1889","1019"
"1891","711"
"1891","1878"
"1892","263"
"1892","384"
"1892","1520"
"1893","263"
"1894","597"
"1894","1879"
"1894","1880"
"1894","1881"
"1894","1922"
"1895","27"
"1895","33"
"1895","43"
"1895","320"
"1895","351"
"1895","370"
"1895","558"
"1895","1582"
"1895","1587"
"1895","1605"
"1895","1606"
"1895","1623"
"1895","1626"
"1896","27"
"1896","450"
"1896","453"
"1896","455"
"1896","930"
"1896","1365"
"1896","1442"
"1896","1582"
"1896","1606"
"1896","1619"
"1896","1623"
"1896","1882"
"1897","27"
"1897","320"
"1897","462"
"1897","558"
"1897","1042"
"1897","1582"
"1897","1606"
"1897","1623"
"1897","1626"
"1898","27"
"1898","314"
"1898","798"
"1898","1580"
"1898","1582"
"1898","1623"
"1898","1626"
"1898","1631"
"1899","27"
"1899","30"
"1899","42"
"1899","43"
"1899","923"
"1899","1099"
"1899","1100"
"1899","1582"
"1899","1587"
"1899","1599"
"1899","1622"
"1899","1623"
"1899","1626"
"1899","1883"
"1900","798"
"1900","1015"
"1900","1155"
"1900","1410"
"1900","1867"
"1900","1872"
"1900","1884"
"1901","531"
"1901","1144"
"1901","1606"
"1902","1533"
"1902","1539"
"1903","263"
"1904","1223"
"1905","531"
"1905","939"
"1905","1144"
"1906","939"
"1906","1144"
"1907","939"
"1907","1144"
"1908","885"
"1909","1160"
"1910","1160"
"1911","263"
"1911","1073"
"1912","1065"
"1913","939"
"1914","939"
"1917","939"
"1917","1624"
"1918","939"
"1918","1624"
"1919","159"
"1919","939"
"1919","1624"
"1920","569"
"1920","1547"
"1920","1548"
"1920","1604"
"1920","1624"
"1921","168"
"1921","169"
"1921","170"
"1921","537"
"1921","538"
"1922","471"
"1922","549"
"1923","537"
"1923","538"
"1924","329"
"1924","1900"
"1925","1328"
"1925","1520"
"1926","939"
"1926","1624"
"1927","939"
"1927","941"
"1928","939"
"1928","941"
"1928","1672"
"1929","1046"
"1930","159"
"1930","939"
"1930","941"
"1930","1144"
"1931","1046"
"1931","1606"
"1932","159"
"1932","939"
"1933","159"
"1933","939"
"1934","297"
"1934","1160"
"1934","1244"
"1935","485"
"1935","1078"
"1935","1816"
"1936","939"
"1936","1396"
"1937","263"
"1938","159"
"1938","939"
"1939","159"
"1939","939"
"1939","940"
"1939","941"
"1939","1903"
"1940","159"
"1940","939"
"1940","941"
"1940","1904"
"1941","138"
"1941","1131"
"1941","1132"
"1942","772"
"1942","887"
"1942","1606"
"1942","1624"
"1943","500"
"1943","939"
"1944","351"
"1944","669"
"1944","939"
"1944","1151"
"1944","1180"
"1944","1540"
"1944","1582"
"1945","263"
"1945","1600"
"1945","1614"
"1945","1905"
"1946","263"
"1946","1604"
"1946","1606"
"1946","1702"
"1946","1905"
"1946","2415"
"1946","2417"
"1949","1427"
"1950","343"
"1950","669"
"1951","1155"
"1951","1295"
"1951","1906"
"1952","531"
"1952","1606"
"1953","423"
"1953","597"
"1953","939"
"1954","312"
"1954","1295"
"1954","1907"
"1954","1908"
"1955","939"
"1955","941"
"1956","343"
"1956","351"
"1956","423"
"1956","464"
"1956","669"
"1956","1180"
"1956","1582"
"1957","939"
"1957","941"
"1958","939"
"1958","941"
"1959","1273"
"1959","1301"
"1959","1577"
"1959","1909"
"1960","81"
"1960","404"
"1960","1046"
"1961","83"
"1961","1011"
"1961","1020"
"1961","1025"
"1961","1631"
"1963","396"
"1964","58"
"1964","558"
"1964","915"
"1964","939"
"1964","940"
"1964","941"
"1964","1919"
"1964","1920"
"1965","57"
"1965","531"
"1965","558"
"1965","1442"
"1967","939"
"1967","980"
"1967","1624"
"1968","154"
"1969","558"
"1969","939"
"1970","93"
"1970","894"
"1970","1513"
"1970","1515"
"1970","1910"
"1971","423"
"1971","939"
"1971","940"
"1971","941"
"1971","1379"
"1972","90"
"1973","939"
"1973","1270"
"1973","1624"
"1975","939"
"1975","1911"
"1975","1912"
"1976","939"
"1976","1911"
"1977","939"
"1978","939"
"1978","1086"
"1979","939"
"1979","1086"
"1979","1913"
"1980","1086"
"1981","873"
"1981","883"
"1981","939"
"1982","816"
"1982","939"
"1983","1475"
"1984","793"
"1984","887"
"1984","939"
"1985","939"
"1986","1046"
"1987","939"
"1988","939"
"1988","1915"
"1989","772"
"1989","793"
"1990","1071"
"1990","1916"
"1990","1917"
"1991","263"
"1991","267"
"1991","1397"
"1991","1631"
"1992","377"
"1993","939"
"1993","1304"
"1994","939"
"1994","940"
"1994","941"
"1994","980"
"1995","17"
"1995","327"
"1995","329"
"1995","351"
"1995","423"
"1995","455"
"1995","534"
"1995","675"
"1995","887"
"1995","896"
"1995","939"
"1995","1180"
"1995","1396"
"1995","1397"
"1995","1582"
"1996","1046"
"1996","1606"
"1997","939"
"1998","534"
"1998","896"
"1998","939"
"1999","939"
"1999","1918"
"2000","263"
"2000","482"
"2001","113"
"2002","939"
"2002","1073"
"2003","329"
"2003","887"
"2003","1603"
"2004","307"
"2004","400"
"2004","423"
"2004","464"
"2004","1301"
"2005","772"
"2005","1588"
"2005","1603"
"2005","1606"
"2005","1628"
"2005","1744"
"2006","423"
"2006","793"
"2006","939"
"2006","1077"
"2006","1396"
"2007","793"
"2007","937"
"2007","1073"
"2007","1077"
"2007","1396"
"2007","1923"
"2007","1924"
"2008","793"
"2008","937"
"2008","939"
"2008","1073"
"2008","1744"
"2009","772"
"2009","887"
"2009","1268"
"2009","1606"
"2009","1731"
"2009","1925"
"2009","1926"
"2010","500"
"2010","939"
"2010","941"
"2010","1510"
"2011","331"
"2011","772"
"2011","1268"
"2011","1731"
"2011","1927"
"2011","1928"
"2012","939"
"2012","1439"
"2013","549"
"2013","793"
"2013","939"
"2013","1929"
"2013","1930"
"2014","423"
"2014","549"
"2014","930"
"2014","939"
"2014","956"
"2014","980"
"2014","1301"
"2014","1624"
"2014","1813"
"2014","1930"
"2014","1931"
"2014","1932"
"2014","1933"
"2015","423"
"2015","939"
"2015","956"
"2015","980"
"2015","1931"
"2015","1933"
"2016","939"
"2016","941"
"2016","1933"
"2018","500"
"2018","939"
"2019","939"
"2020","939"
"2021","939"
"2022","939"
"2022","980"
"2023","329"
"2023","675"
"2023","1934"
"2024","1935"
"2025","1466"
"2025","1874"
"2025","1936"
"2026","939"
"2026","980"
"2027","500"
"2027","939"
"2028","939"
"2029","939"
"2030","259"
"2030","852"
"2030","939"
"2030","1259"
"2030","1396"
"2030","1937"
"2031","307"
"2031","1217"
"2031","1939"
"2031","1941"
"2032","939"
"2032","1396"
"2032","1940"
"2033","939"
"2033","1942"
"2034","423"
"2034","939"
"2035","939"
"2035","1943"
"2036","939"
"2036","1606"
"2036","1944"
"2039","21"
"2039","939"
"2040","939"
"2040","941"
"2041","939"
"2041","1623"
"2042","939"
"2042","1301"
"2043","939"
"2043","941"
"2043","1301"
"2044","1301"
"2045","939"
"2045","1301"
"2045","1945"
"2045","1946"
"2047","939"
"2047","980"
"2047","1301"
"2049","939"
"2049","980"
"2049","1301"
"2049","1672"
"2050","769"
"2050","887"
"2050","939"
"2050","1301"
"2050","1874"
"2051","887"
"2051","1301"
"2052","500"
"2052","887"
"2052","939"
"2052","1947"
"2053","887"
"2053","937"
"2053","939"
"2054","937"
"2054","939"
"2054","1624"
"2055","939"
"2055","1624"
"2056","1046"
"2057","327"
"2057","769"
"2057","772"
"2058","939"
"2059","798"
"2059","930"
"2059","1155"
"2059","1295"
"2059","1884"
"2059","1951"
"2059","1952"
"2059","1953"
"2060","378"
"2060","379"
"2060","500"
"2060","939"
"2060","940"
"2060","941"
"2061","939"
"2063","542"
"2064","939"
"2065","558"
"2065","939"
"2065","1623"
"2065","1856"
"2066","147"
"2066","351"
"2066","485"
"2066","795"
"2066","1606"
"2067","485"
"2067","667"
"2067","797"
"2067","799"
"2067","1015"
"2067","1019"
"2067","1513"
"2067","1514"
"2067","1636"
"2067","1955"
"2067","1956"
"2067","1958"
"2067","1959"
"2068","379"
"2068","939"
"2069","379"
"2069","939"
"2070","329"
"2070","351"
"2070","675"
"2071","379"
"2072","379"
"2072","939"
"2073","939"
"2073","1960"
"2074","462"
"2074","939"
"2074","1604"
"2075","939"
"2076","939"
"2077","343"
"2077","1301"
"2078","17"
"2078","327"
"2078","329"
"2078","384"
"2078","675"
"2078","973"
"2078","1008"
"2078","1520"
"2078","1521"
"2078","1603"
"2079","939"
"2079","1624"
"2080","939"
"2080","1606"
"2081","677"
"2081","1475"
"2082","83"
"2082","777"
"2082","1012"
"2083","939"
"2083","1172"
"2083","1354"
"2083","1964"
"2084","939"
"2084","941"
"2084","1592"
"2084","1624"
"2084","1965"
"2085","939"
"2085","1592"
"2086","853"
"2086","939"
"2086","1966"
"2087","853"
"2087","939"
"2087","1439"
"2087","1966"
"2088","329"
"2088","769"
"2088","772"
"2088","887"
"2088","1592"
"2088","1603"
"2089","939"
"2089","1624"
"2090","795"
"2090","798"
"2090","1155"
"2090","1592"
"2090","1604"
"2090","1967"
"2090","1968"
"2091","798"
"2091","1155"
"2091","1606"
"2092","930"
"2092","1315"
"2093","17"
"2093","327"
"2093","329"
"2093","351"
"2093","1160"
"2093","1520"
"2094","1062"
"2094","1084"
"2094","1124"
"2094","1672"
"2094","1936"
"2095","939"
"2096","939"
"2096","1155"
"2097","126"
"2097","489"
"2098","329"
"2098","455"
"2098","896"
"2098","1160"
"2099","263"
"2100","939"
"2100","1510"
"2101","939"
"2101","1086"
"2101","1087"
"2101","1101"
"2101","1129"
"2101","1130"
"2101","1160"
"2101","1343"
"2101","1439"
"2101","1513"
"2102","494"
"2102","549"
"2103","68"
"2103","793"
"2103","939"
"2103","1215"
"2103","1343"
"2103","1439"
"2104","23"
"2104","68"
"2104","588"
"2104","939"
"2104","1160"
"2104","1244"
"2104","1419"
"2104","1439"
"2104","1863"
"2105","741"
"2105","798"
"2105","1371"
"2106","344"
"2106","741"
"2106","1244"
"2106","1301"
"2106","1604"
"2107","675"
"2107","1151"
"2108","939"
"2108","1175"
"2109","23"
"2109","68"
"2109","229"
"2109","939"
"2109","1175"
"2109","1969"
"2110","485"
"2110","795"
"2110","797"
"2110","798"
"2110","930"
"2110","1582"
"2111","230"
"2111","795"
"2111","798"
"2111","1544"
"2111","1582"
"2111","1606"
"2111","1636"
"2112","665"
"2112","669"
"2112","795"
"2112","798"
"2112","1015"
"2112","1019"
"2112","1606"
"2114","795"
"2114","797"
"2114","798"
"2114","929"
"2114","930"
"2114","934"
"2114","935"
"2114","1301"
"2114","1304"
"2114","1578"
"2115","230"
"2115","344"
"2115","485"
"2115","795"
"2115","797"
"2115","798"
"2115","801"
"2115","930"
"2115","1064"
"2115","1084"
"2117","516"
"2117","616"
"2117","669"
"2117","1539"
"2117","1582"
"2118","939"
"2119","378"
"2119","379"
"2119","939"
"2119","1160"
"2120","798"
"2120","930"
"2120","1151"
"2120","1155"
"2120","1156"
"2120","1970"
"2121","793"
"2121","939"
"2122","106"
"2122","263"
"2123","244"
"2123","796"
"2123","798"
"2123","1019"
"2123","1021"
"2123","1151"
"2123","1154"
"2124","261"
"2124","1208"
"2124","1244"
"2124","1606"
"2125","314"
"2125","793"
"2125","1623"
"2126","126"
"2126","351"
"2126","489"
"2126","638"
"2126","1971"
"2127","929"
"2127","1155"
"2128","379"
"2128","939"
"2129","939"
"2129","1972"
"2130","797"
"2130","798"
"2130","799"
"2131","263"
"2132","327"
"2132","749"
"2132","1025"
"2132","1606"
"2133","939"
"2133","941"
"2134","344"
"2134","795"
"2134","798"
"2136","939"
"2136","1160"
"2136","1301"
"2136","1606"
"2137","939"
"2137","1301"
"2138","795"
"2138","798"
"2138","1155"
"2139","174"
"2139","522"
"2139","939"
"2139","1160"
"2140","65"
"2140","797"
"2140","798"
"2140","930"
"2141","688"
"2141","1044"
"2141","1046"
"2142","134"
"2142","900"
"2142","1145"
"2142","1268"
"2142","1551"
"2142","1973"
"2143","1046"
"2143","1178"
"2143","1544"
"2144","462"
"2144","464"
"2144","939"
"2145","522"
"2145","939"
"2145","1124"
"2145","1126"
"2145","1301"
"2145","1974"
"2146","378"
"2146","423"
"2146","597"
"2146","939"
"2146","1015"
"2147","312"
"2147","798"
"2147","930"
"2147","1155"
"2147","1884"
"2147","1952"
"2147","1953"
"2147","1975"
"2148","329"
"2148","331"
"2148","602"
"2148","769"
"2148","1768"
"2149","471"
"2150","329"
"2150","455"
"2150","930"
"2150","945"
"2150","973"
"2150","1160"
"2150","1976"
"2151","523"
"2152","118"
"2152","749"
"2152","1977"
"2153","939"
"2153","1978"
"2154","247"
"2154","1154"
"2154","1155"
"2154","1156"
"2154","1884"
"2154","1979"
"2154","1980"
"2154","1981"
"2155","749"
"2155","1084"
"2155","1616"
"2155","1977"
"2156","939"
"2156","1513"
"2156","1982"
"2157","939"
"2158","307"
"2158","604"
"2158","1983"
"2159","816"
"2159","939"
"2159","971"
"2160","1613"
"2161","749"
"2161","1544"
"2161","1840"
"2162","939"
"2162","971"
"2163","749"
"2163","1084"
"2163","1542"
"2163","1984"
"2163","1985"
"2164","930"
"2164","1155"
"2164","1986"
"2165","297"
"2165","939"
"2165","971"
"2165","1987"
"2166","749"
"2166","1015"
"2166","1988"
"2167","263"
"2167","589"
"2167","798"
"2167","929"
"2167","1631"
"2168","378"
"2168","939"
"2168","971"
"2169","351"
"2169","485"
"2169","1124"
"2169","1283"
"2169","1301"
"2169","1322"
"2170","939"
"2170","971"
"2170","1989"
"2171","939"
"2172","939"
"2172","971"
"2172","1990"
"2173","17"
"2173","28"
"2173","327"
"2173","329"
"2173","331"
"2173","351"
"2173","896"
"2173","1008"
"2173","1387"
"2173","1544"
"2173","1603"
"2174","126"
"2174","939"
"2174","1991"
"2175","939"
"2175","1992"
"2176","749"
"2176","930"
"2176","1015"
"2176","1046"
"2176","1606"
"2177","263"
"2178","749"
"2178","1301"
"2179","149"
"2179","1606"
"2180","60"
"2180","939"
"2181","939"
"2181","971"
"2182","60"
"2182","939"
"2182","971"
"2183","939"
"2183","1301"
"2183","1306"
"2184","19"
"2185","327"
"2185","329"
"2185","769"
"2185","1520"
"2186","60"
"2186","939"
"2186","1301"
"2187","749"
"2187","778"
"2187","1187"
"2188","873"
"2188","939"
"2188","1301"
"2189","60"
"2189","939"
"2189","1301"
"2190","126"
"2190","392"
"2190","393"
"2190","451"
"2190","749"
"2190","930"
"2190","1623"
"2190","1991"
"2191","60"
"2191","939"
"2191","971"
"2192","939"
"2192","971"
"2193","939"
"2193","971"
"2194","939"
"2194","971"
"2195","1546"
"2196","939"
"2196","1653"
"2196","1840"
"2197","1546"
"2198","939"
"2198","980"
"2199","873"
"2199","939"
"2199","1240"
"2199","1965"
"2199","1994"
"2199","2207"
"2199","2420"
"2199","2421"
"2200","939"
"2200","980"
"2201","327"
"2201","329"
"2201","769"
"2201","793"
"2201","1520"
"2202","379"
"2202","971"
"2203","83"
"2203","88"
"2203","451"
"2203","462"
"2203","464"
"2203","930"
"2203","1025"
"2203","1244"
"2203","1322"
"2203","1503"
"2203","1520"
"2203","1544"
"2203","1606"
"2203","1995"
"2203","1996"
"2204","379"
"2204","971"
"2205","441"
"2205","1520"
"2205","1521"
"2205","1997"
"2206","210"
"2206","282"
"2206","636"
"2206","1383"
"2207","329"
"2208","464"
"2209","769"
"2209","887"
"2209","1520"
"2210","68"
"2210","1520"
"2210","1778"
"2210","1872"
"2211","174"
"2211","379"
"2211","522"
"2211","852"
"2211","1396"
"2211","1964"
"2212","329"
"2212","1433"
"2213","873"
"2213","939"
"2213","971"
"2214","60"
"2214","939"
"2214","971"
"2215","3"
"2215","73"
"2215","334"
"2215","335"
"2215","464"
"2215","1015"
"2215","1151"
"2215","1295"
"2215","1296"
"2215","1297"
"2215","1512"
"2215","1541"
"2215","1872"
"2215","1999"
"2216","939"
"2216","971"
"2217","749"
"2217","1606"
"2218","549"
"2218","854"
"2218","1437"
"2218","1607"
"2219","939"
"2219","971"
"2220","772"
"2220","1520"
"2220","1606"
"2221","175"
"2221","2001"
"2222","360"
"2222","379"
"2223","117"
"2223","118"
"2223","749"
"2223","1465"
"2224","312"
"2224","795"
"2224","798"
"2224","1151"
"2224","1155"
"2224","1215"
"2224","1884"
"2224","1953"
"2224","1975"
"2224","1979"
"2224","1980"
"2224","1981"
"2224","2002"
"2224","2003"
"2224","2004"
"2224","2005"
"2225","1218"
"2225","1512"
"2225","1606"
"2226","939"
"2226","971"
"2226","1301"
"2227","378"
"2228","939"
"2229","60"
"2229","379"
"2229","939"
"2230","795"
"2230","1155"
"2230","1970"
"2230","1975"
"2230","1980"
"2231","263"
"2232","939"
"2232","1301"
"2233","939"
"2234","28"
"2234","329"
"2234","1168"
"2234","1389"
"2237","939"
"2238","939"
"2239","939"
"2239","1301"
"2240","404"
"2240","1345"
"2240","1606"
"2240","2006"
"2241","939"
"2242","939"
"2242","1042"
"2243","939"
"2243","1606"
"2244","199"
"2244","384"
"2244","1305"
"2244","1519"
"2244","1520"
"2245","939"
"2245","1301"
"2246","939"
"2246","1301"
"2247","939"
"2247","1301"
"2248","423"
"2248","709"
"2248","939"
"2248","1301"
"2248","2008"
"2249","182"
"2249","610"
"2249","616"
"2249","636"
"2249","749"
"2249","751"
"2249","840"
"2249","841"
"2249","952"
"2249","1244"
"2249","1462"
"2249","1544"
"2249","1606"
"2249","1607"
"2249","1613"
"2249","1630"
"2249","2009"
"2250","263"
"2250","749"
"2250","1606"
"2250","2010"
"2251","749"
"2251","1086"
"2251","1606"
"2251","2011"
"2253","351"
"2253","939"
"2253","1301"
"2254","939"
"2254","1301"
"2255","28"
"2255","97"
"2255","329"
"2255","578"
"2255","887"
"2255","1384"
"2255","1606"
"2256","1437"
"2257","1155"
"2257","1279"
"2257","2013"
"2258","939"
"2258","1301"
"2259","2014"
"2260","749"
"2260","1324"
"2260","1606"
"2261","1090"
"2261","1606"
"2262","263"
"2262","709"
"2263","382"
"2263","495"
"2263","511"
"2263","579"
"2263","930"
"2263","1606"
"2264","321"
"2264","890"
"2264","899"
"2264","1544"
"2264","1582"
"2264","1587"
"2264","1599"
"2264","1604"
"2264","1606"
"2264","1614"
"2264","1626"
"2265","379"
"2266","379"
"2267","28"
"2267","329"
"2267","331"
"2267","347"
"2267","464"
"2267","1437"
"2267","1606"
"2268","464"
"2268","599"
"2268","748"
"2268","749"
"2268","1513"
"2268","1606"
"2268","1774"
"2268","2016"
"2268","2017"
"2269","939"
"2269","1433"
"2270","81"
"2270","118"
"2270","313"
"2270","795"
"2270","798"
"2270","1019"
"2270","1025"
"2270","1582"
"2270","1599"
"2270","1606"
"2270","1611"
"2270","1615"
"2270","1618"
"2270","1631"
"2271","464"
"2271","1359"
"2271","1544"
"2271","1582"
"2271","1604"
"2271","1624"
"2272","939"
"2272","1606"
"2273","4"
"2273","623"
"2273","1155"
"2273","1295"
"2273","1606"
"2274","749"
"2274","751"
"2274","1307"
"2274","1606"
"2274","2018"
"2274","2019"
"2275","15"
"2275","33"
"2275","42"
"2275","81"
"2275","321"
"2275","464"
"2275","599"
"2275","669"
"2275","689"
"2275","798"
"2275","899"
"2275","1021"
"2275","1025"
"2275","1184"
"2275","1541"
"2275","1544"
"2275","1558"
"2275","1582"
"2275","1599"
"2275","1604"
"2275","1611"
"2275","1613"
"2275","1624"
"2275","1631"
"2275","1634"
"2275","1802"
"2276","81"
"2276","1019"
"2276","1582"
"2277","749"
"2277","751"
"2277","1606"
"2278","939"
"2278","1624"
"2279","772"
"2279","887"
"2279","1606"
"2280","367"
"2280","669"
"2280","1015"
"2280","1025"
"2280","1541"
"2280","1544"
"2280","1580"
"2280","1582"
"2280","1604"
"2280","1631"
"2281","263"
"2281","1582"
"2281","1604"
"2281","1606"
"2281","1624"
"2282","939"
"2282","1433"
"2282","1437"
"2282","2020"
"2283","522"
"2283","939"
"2284","1301"
"2285","1582"
"2286","423"
"2286","597"
"2286","939"
"2286","1433"
"2286","1437"
"2287","1044"
"2287","1046"
"2287","1047"
"2287","1048"
"2287","1544"
"2288","244"
"2288","329"
"2288","822"
"2288","1520"
"2288","1541"
"2289","97"
"2289","329"
"2289","822"
"2289","1520"
"2290","638"
"2290","1599"
"2290","2021"
"2290","2022"
"2291","28"
"2291","64"
"2291","97"
"2291","300"
"2291","329"
"2291","822"
"2291","1160"
"2291","1384"
"2291","1387"
"2291","1389"
"2291","1467"
"2291","2023"
"2292","939"
"2292","1607"
"2293","314"
"2293","462"
"2293","464"
"2293","930"
"2293","968"
"2293","1019"
"2293","1155"
"2293","1539"
"2293","1606"
"2294","219"
"2294","300"
"2294","329"
"2294","331"
"2294","1467"
"2294","2024"
"2294","2025"
"2295","312"
"2295","798"
"2295","1155"
"2295","1295"
"2295","1606"
"2295","1975"
"2295","1979"
"2295","1980"
"2295","1981"
"2295","1986"
"2295","2026"
"2296","28"
"2296","29"
"2296","31"
"2296","34"
"2296","36"
"2296","37"
"2296","41"
"2296","318"
"2296","320"
"2296","323"
"2296","578"
"2296","1078"
"2296","1128"
"2296","1160"
"2296","1391"
"2296","1520"
"2296","1582"
"2296","1872"
"2296","2027"
"2297","1301"
"2297","1541"
"2298","939"
"2299","329"
"2299","538"
"2299","1008"
"2299","1154"
"2299","1160"
"2299","1520"
"2300","344"
"2300","464"
"2300","798"
"2300","877"
"2300","1539"
"2301","263"
"2301","749"
"2302","111"
"2303","531"
"2304","68"
"2304","314"
"2304","321"
"2304","344"
"2304","351"
"2304","423"
"2304","597"
"2304","669"
"2304","798"
"2304","1604"
"2304","1624"
"2304","1987"
"2304","2028"
"2305","990"
"2305","1433"
"2306","97"
"2306","329"
"2306","1467"
"2306","1637"
"2307","97"
"2307","329"
"2307","1467"
"2307","1603"
"2307","1637"
"2308","60"
"2308","939"
"2309","261"
"2309","1517"
"2309","2030"
"2310","326"
"2311","939"
"2313","939"
"2314","990"
"2314","2031"
"2315","1046"
"2316","344"
"2316","798"
"2316","877"
"2317","244"
"2317","464"
"2317","1215"
"2318","990"
"2319","939"
"2320","113"
"2320","238"
"2320","2032"
"2320","2033"
"2321","741"
"2322","113"
"2322","238"
"2322","240"
"2322","822"
"2323","990"
"2324","2034"
"2325","238"
"2326","238"
"2326","822"
"2327","329"
"2327","538"
"2327","539"
"2328","419"
"2328","423"
"2328","424"
"2328","425"
"2328","464"
"2328","597"
"2328","930"
"2328","934"
"2328","935"
"2328","971"
"2328","1359"
"2328","1462"
"2328","1604"
"2328","1624"
"2329","69"
"2329","419"
"2329","423"
"2329","424"
"2329","425"
"2329","428"
"2329","457"
"2329","464"
"2329","597"
"2329","830"
"2329","903"
"2329","918"
"2329","951"
"2329","1034"
"2329","1084"
"2329","1541"
"2329","1604"
"2329","1613"
"2329","1624"
"2329","1653"
"2329","1737"
"2329","2035"
"2329","2036"
"2329","2037"
"2330","26"
"2330","244"
"2330","419"
"2330","421"
"2330","423"
"2330","424"
"2330","425"
"2330","464"
"2330","516"
"2330","597"
"2330","795"
"2330","971"
"2330","1359"
"2330","1604"
"2330","1624"
"2330","1631"
"2330","1819"
"2330","1841"
"2331","420"
"2331","421"
"2331","423"
"2331","424"
"2331","425"
"2331","426"
"2331","427"
"2331","428"
"2331","431"
"2331","464"
"2331","597"
"2331","971"
"2331","1160"
"2331","1486"
"2331","1604"
"2331","1624"
"2331","1737"
"2331","2038"
"2331","2039"
"2331","2040"
"2331","2041"
"2331","2042"
"2331","2043"
"2332","419"
"2332","421"
"2332","423"
"2332","425"
"2332","429"
"2332","431"
"2332","464"
"2332","597"
"2332","971"
"2332","1035"
"2332","1036"
"2332","1604"
"2332","2044"
"2332","2045"
"2333","361"
"2333","419"
"2333","423"
"2333","464"
"2333","597"
"2333","971"
"2333","1015"
"2333","1019"
"2333","1544"
"2333","1604"
"2333","1624"
"2334","419"
"2334","420"
"2334","423"
"2334","427"
"2334","464"
"2334","547"
"2334","597"
"2334","903"
"2334","1034"
"2334","1462"
"2334","1604"
"2334","2046"
"2334","2047"
"2335","419"
"2335","464"
"2335","597"
"2335","1624"
"2336","114"
"2336","423"
"2336","597"
"2336","1160"
"2336","2207"
"2336","2416"
"2336","2418"
"2336","2419"
"2337","1379"
"2337","2048"
"2338","27"
"2338","1582"
"2338","1587"
"2338","1599"
"2338","1623"
"2338","1626"
"2339","43"
"2339","1582"
"2339","1587"
"2339","1599"
"2339","1626"
"2340","43"
"2340","320"
"2340","1365"
"2340","1582"
"2340","1587"
"2340","1599"
"2340","1613"
"2340","1614"
"2340","1626"
"2340","2049"
"2341","29"
"2341","1601"
"2341","1604"
"2341","1613"
"2341","1615"
"2341","1623"
"2341","1626"
"2342","1520"
"2342","1582"
"2342","1599"
"2342","1605"
"2342","1623"
"2342","1626"
"2343","114"
"2343","116"
"2343","1325"
"2343","2029"
"2344","772"
"2344","1301"
"2344","1613"
"2345","379"
"2345","887"
"2345","939"
"2345","1582"
"2345","1626"
"2345","2050"
"2345","2051"
"2346","1046"
"2347","28"
"2347","65"
"2347","382"
"2347","926"
"2347","930"
"2347","1015"
"2347","1512"
"2347","1582"
"2347","2417"
"2348","450"
"2348","451"
"2348","452"
"2348","455"
"2348","464"
"2348","560"
"2348","749"
"2348","795"
"2348","930"
"2348","1427"
"2348","2052"
"2348","2053"
"2348","2054"
"2349","1614"
"2349","1623"
"2350","62"
"2350","1044"
"2350","1046"
"2350","2055"
"2350","2056"
"2352","17"
"2352","81"
"2352","341"
"2352","351"
"2352","616"
"2352","923"
"2352","926"
"2352","1012"
"2352","1015"
"2352","1019"
"2352","1025"
"2352","1180"
"2352","1365"
"2352","1383"
"2352","1512"
"2352","1582"
"2352","1599"
"2352","1617"
"2352","1623"
"2352","1626"
"2352","1694"
"2352","2018"
"2352","2057"
"2352","2058"
"2353","1475"
"2354","238"
"2355","312"
"2355","1884"
"2355","1979"
"2355","1980"
"2355","1981"
"2355","1986"
"2355","2002"
"2355","2004"
"2355","2026"
"2355","2059"
"2355","2060"
"2355","2061"
"2355","2062"
"2355","2063"
"2355","2064"
"2355","2065"
"2355","2066"
"2355","2067"
"2355","2068"
"2355","2069"
"2356","899"
"2356","1607"
"2356","1613"
"2356","1856"
"2357","238"
"2357","341"
"2357","343"
"2357","344"
"2358","344"
"2358","347"
"2358","351"
"2358","923"
"2358","926"
"2358","1015"
"2358","1019"
"2358","1042"
"2358","1512"
"2358","1582"
"2358","1605"
"2358","1623"
"2358","1626"
"2358","1630"
"2358","2070"
"2359","990"
"2359","1990"
"2360","464"
"2360","542"
"2360","1512"
"2360","2071"
"2361","939"
"2361","971"
"2361","1301"
"2361","1624"
"2362","392"
"2362","393"
"2362","542"
"2362","899"
"2362","1512"
"2362","1626"
"2363","939"
"2363","1624"
"2363","2207"
"2364","182"
"2364","464"
"2364","610"
"2364","616"
"2364","692"
"2364","899"
"2364","1178"
"2364","1283"
"2364","1462"
"2364","1558"
"2364","1607"
"2364","1613"
"2364","1614"
"2364","1626"
"2364","1630"
"2364","2262"
"2365","510"
"2365","1155"
"2366","990"
"2366","1424"
"2366","1433"
"2367","899"
"2367","1042"
"2367","1136"
"2367","1137"
"2367","1462"
"2367","1614"
"2367","1624"
"2367","1626"
"2367","2263"
"2368","404"
"2368","1345"
"2368","1462"
"2369","327"
"2369","329"
"2369","822"
"2369","1161"
"2369","1462"
"2369","1603"
"2369","1604"
"2369","2264"
"2370","1301"
"2371","539"
"2372","278"
"2372","669"
"2372","850"
"2372","1015"
"2372","1155"
"2372","1283"
"2372","1400"
"2372","1462"
"2372","1512"
"2372","1558"
"2372","1582"
"2372","1626"
"2372","1653"
"2372","2064"
"2372","2265"
"2374","329"
"2374","1161"
"2374","1603"
"2375","238"
"2376","523"
"2376","939"
"2376","1071"
"2377","238"
"2377","1613"
"2378","772"
"2379","314"
"2379","329"
"2379","822"
"2379","1161"
"2379","1603"
"2380","939"
"2380","1301"
"2381","244"
"2381","939"
"2381","941"
"2381","971"
"2382","317"
"2382","329"
"2382","539"
"2382","822"
"2382","1161"
"2382","1603"
"2383","403"
"2383","404"
"2383","1345"
"2383","2266"
"2384","25"
"2384","317"
"2384","433"
"2384","539"
"2385","669"
"2385","1631"
"2386","797"
"2386","799"
"2387","244"
"2387","1078"
"2388","939"
"2388","1301"
"2390","240"
"2390","244"
"2390","1015"
"2390","1301"
"2390","1512"
"2390","2267"
"2390","2268"
"2391","795"
"2391","797"
"2391","798"
"2391","799"
"2391","801"
"2391","1475"
"2392","549"
"2393","819"
"2394","423"
"2394","597"
"2394","1624"
"2395","423"
"2396","939"
"2396","971"
"2398","312"
"2398","926"
"2398","1015"
"2398","1439"
"2398","1512"
"2398","2005"
"2399","88"
"2399","384"
"2399","660"
"2399","1379"
"2399","1520"
"2399","1604"
"2399","1690"
"2400","1012"
"2400","1013"
"2401","464"
"2401","1196"
"2401","1301"
"2401","1512"
"2402","238"
"2402","939"
"2403","474"
"2403","1301"
"2404","304"
"2404","305"
"2404","871"
"2404","1489"
"2404","1544"
"2405","772"
"2406","939"
"2406","1301"
"2407","1301"
"2407","1304"
"2407","1305"
"2408","1565"
"2408","1566"
"2408","1941"
"2409","423"
"2409","558"
"2409","1433"
"2409","1437"
"2409","1613"
"2410","15"
"2410","81"
"2410","749"
"2410","1015"
"2410","1026"
"2410","1244"
"2410","1308"
"2410","1379"
"2410","1820"
"2410","2269"
"2410","2270"
"2411","329"
"2411","822"
"2411","1278"
"2412","748"
"2412","749"
"2412","750"
"2412","1244"
"2412","1539"
"2412","2018"
"2412","2271"
"2413","2272"
"2414","597"
"2415","406"
"2415","798"
"2415","1566"
"2416","329"
"2416","384"
"2416","730"
"2416","731"
"2416","732"
"2416","887"
"2416","1278"
"2416","1383"
"2416","1520"
"2416","2273"
"2417","45"
"2417","539"
"2417","1161"
"2418","1301"
"2419","45"
"2419","162"
"2419","329"
"2419","653"
"2419","793"
"2419","990"
"2419","1160"
"2419","1520"
"2419","2274"
"2420","182"
"2420","1359"
"2420","1461"
"2420","1462"
"2420","1558"
"2420","1559"
"2420","1587"
"2420","1599"
"2420","1607"
"2420","1610"
"2420","1613"
"2420","1623"
"2420","1626"
"2420","1630"
"2421","329"
"2421","793"
"2421","1161"
"2422","329"
"2422","772"
"2422","794"
"2423","196"
"2423","198"
"2424","1019"
"2424","1155"
"2425","351"
"2425","406"
"2425","1151"
"2425","1154"
"2425","1155"
"2426","523"
"2426","669"
"2426","1071"
"2426","1136"
"2426","1301"
"2427","271"
"2427","329"
"2427","1462"
"2427","1604"
"2427","1624"
"2427","2275"
"2428","4"
"2428","1019"
"2428","1155"
"2428","1295"
"2429","464"
"2429","478"
"2429","653"
"2429","655"
"2429","656"
"2429","663"
"2429","670"
"2429","970"
"2429","1019"
"2429","1132"
"2429","1295"
"2429","1539"
"2429","1541"
"2429","1544"
"2429","1634"
"2430","1159"
"2430","1160"
"2430","1301"
"2430","1304"
"2430","1305"
"2430","1544"
"2431","1301"
"2432","1019"
"2432","1155"
"2432","1295"
"2432","1297"
"2432","1981"
"2433","1155"
"2433","1295"
"2434","28"
"2434","31"
"2434","317"
"2434","329"
"2434","1155"
"2434","2276"
"2435","497"
"2435","669"
"2435","1155"
"2435","1295"
"2436","76"
"2436","77"
"2436","78"
"2436","653"
"2436","669"
"2436","1219"
"2436","1672"
"2436","2277"
"2436","2278"
"2437","78"
"2437","497"
"2437","669"
"2438","50"
"2438","329"
"2438","336"
"2438","769"
"2439","312"
"2439","464"
"2439","475"
"2439","625"
"2439","772"
"2439","1002"
"2439","1155"
"2439","1187"
"2439","1295"
"2439","1358"
"2439","1360"
"2439","1362"
"2439","1462"
"2439","1556"
"2439","1587"
"2439","2279"
"2439","2280"
"2439","2281"
"2440","17"
"2440","85"
"2440","130"
"2440","314"
"2440","343"
"2440","478"
"2440","609"
"2440","616"
"2440","625"
"2440","784"
"2440","785"
"2440","1340"
"2440","1359"
"2440","1362"
"2440","1462"
"2440","1557"
"2440","1605"
"2440","1607"
"2440","1623"
"2440","1624"
"2440","1626"
"2440","1634"
"2440","2219"
"2442","464"
"2442","669"
"2442","798"
"2442","1015"
"2442","1768"
"2443","464"
"2443","669"
"2443","798"
"2443","1015"
"2443","1768"
"2444","343"
"2444","344"
"2444","669"
"2444","1129"
"2444","1155"
"2444","1156"
"2445","4"
"2445","332"
"2445","1155"
"2445","1295"
"2446","464"
"2446","1187"
"2446","1244"
"2446","1462"
"2446","1565"
"2446","1566"
"2446","2282"
"2447","312"
"2447","478"
"2447","1155"
"2447","1279"
"2447","1544"
"2447","1565"
"2447","1566"
"2447","1620"
"2447","1979"
"2447","2283"
"2447","2284"
"2448","56"
"2448","58"
"2448","1401"
"2449","329"
"2449","1151"
"2449","1154"
"2449","1433"
"2450","1155"
"2450","1295"
"2450","1512"
"2451","329"
"2451","423"
"2452","712"
"2452","798"
"2453","712"
"2453","798"
"2454","712"
"2454","1084"
"2454","1523"
"2454","1606"
"2454","2285"
"2455","523"
"2455","1244"
"2456","523"
"2456","1244"
"2456","2286"
"2457","227"
"2457","523"
"2457","782"
"2457","939"
"2457","2286"
"2458","329"
"2458","990"
"2458","1462"
"2459","329"
"2459","1462"
"2461","329"
"2461","1187"
"2461","1188"
"2461","1462"
"2461","1604"
"2462","539"
"2463","1155"
"2463","1731"
"2464","988"
"2464","990"
"2464","1358"
"2465","81"
"2465","85"
"2465","329"
"2466","329"
"2466","384"
"2466","1178"
"2466","1433"
"2466","1520"
"2467","988"
"2467","1358"
"2467","2287"
"2468","113"
"2468","213"
"2468","557"
"2468","560"
"2468","926"
"2468","1015"
"2468","1222"
"2468","1329"
"2468","1512"
"2468","2137"
"2468","2288"
"2468","2289"
"2469","81"
"2469","85"
"2469","197"
"2469","198"
"2469","772"
"2469","990"
"2469","1902"
"2470","553"
"2470","1494"
"2471","1304"
"2471","1544"
"2472","751"
"2472","1544"
"2473","988"
"2473","1358"
"2474","523"
"2474","2290"
"2475","31"
"2475","82"
"2475","329"
"2475","772"
"2475","793"
"2475","887"
"2475","1160"
"2475","1520"
"2475","2291"
"2476","1046"
"2476","1544"
"2477","754"
"2478","749"
"2478","751"
"2478","844"
"2478","1160"
"2478","1244"
"2478","1512"
"2479","988"
"2480","344"
"2480","464"
"2480","930"
"2480","1187"
"2481","798"
"2482","332"
"2482","348"
"2482","1893"
"2483","329"
"2483","1900"
"2484","888"
"2486","939"
"2486","970"
"2487","17"
"2487","329"
"2487","1238"
"2487","1462"
"2488","238"
"2488","512"
"2489","1042"
"2489","1566"
"2490","238"
"2490","1015"
"2491","1237"
"2492","796"
"2492","798"
"2492","2292"
"2493","939"
"2494","939"
"2494","1155"
"2494","1295"
"2495","601"
"2495","1044"
"2495","1539"
"2495","1541"
"2495","2293"
"2496","2294"
"2497","523"
"2498","531"
"2499","423"
"2499","464"
"2499","597"
"2499","625"
"2499","627"
"2499","1187"
"2499","2047"
"2499","2295"
"2500","490"
"2500","524"
"2501","512"
"2501","524"
"2502","1240"
"2503","524"
"2504","2296"
"2505","524"
"2505","958"
"2506","827"
"2506","1058"
"2506","1059"
"2506","2297"
"2506","2298"
"2507","1238"
"2508","1238"
"2508","2299"
"2510","25"
"2510","50"
"2510","242"
"2510","329"
"2510","516"
"2510","517"
"2510","822"
"2510","1462"
"2511","523"
"2511","560"
"2511","1238"
"2511","2299"
"2512","379"
"2513","373"
"2513","1238"
"2514","523"
"2514","1301"
"2515","862"
"2515","1083"
"2515","1244"
"2515","1566"
"2516","320"
"2516","326"
"2516","1042"
"2517","198"
"2517","377"
"2517","1025"
"2517","1304"
"2517","1306"
"2517","1462"
"2517","1566"
"2518","1483"
"2519","475"
"2519","478"
"2519","636"
"2520","246"
"2520","822"
"2521","496"
"2521","523"
"2521","524"
"2521","2300"
"2521","2301"
"2522","939"
"2523","988"
"2523","990"
"2524","639"
"2525","68"
"2525","464"
"2525","560"
"2525","783"
"2525","869"
"2525","1482"
"2525","1512"
"2525","1613"
"2525","2184"
"2525","2302"
"2526","379"
"2526","523"
"2527","524"
"2527","1462"
"2528","1465"
"2528","1466"
"2529","379"
"2529","577"
"2529","1155"
"2530","1465"
"2531","379"
"2532","82"
"2532","198"
"2532","242"
"2532","246"
"2532","329"
"2532","676"
"2533","196"
"2533","198"
"2533","329"
"2533","730"
"2533","2303"
"2534","373"
"2534","525"
"2535","1479"
"2536","274"
"2537","1169"
"2538","512"
"2538","784"
"2538","1180"
"2538","1184"
"2538","1462"
"2538","1599"
"2538","1604"
"2539","1691"
"2540","583"
"2541","344"
"2541","627"
"2541","1623"
"2541","1626"
"2542","379"
"2542","1624"
"2543","83"
"2543","320"
"2543","567"
"2543","1180"
"2543","1181"
"2543","1462"
"2543","1480"
"2543","1482"
"2543","1623"
"2543","1626"
"2544","496"
"2544","692"
"2544","1558"
"2544","1624"
"2544","1626"
"2545","379"
"2546","1110"
"2546","1155"
"2546","1301"
"2546","1305"
"2547","478"
"2547","496"
"2547","627"
"2547","785"
"2547","1015"
"2547","1042"
"2547","1160"
"2547","1462"
"2547","1558"
"2547","1604"
"2547","1620"
"2547","1624"
"2547","1626"
"2548","539"
"2549","298"
"2549","329"
"2549","885"
"2549","1419"
"2549","1520"
"2550","129"
"2550","496"
"2550","547"
"2550","557"
"2550","620"
"2550","785"
"2550","877"
"2550","879"
"2550","913"
"2550","1076"
"2550","1462"
"2550","1624"
"2550","1626"
"2550","1691"
"2551","638"
"2552","182"
"2552","748"
"2552","1042"
"2552","1462"
"2552","1624"
"2552","1626"
"2552","1630"
"2553","182"
"2553","388"
"2553","785"
"2553","952"
"2553","1604"
"2553","1610"
"2553","1624"
"2553","1626"
"2553","1630"
"2553","2070"
"2554","42"
"2554","130"
"2554","144"
"2554","351"
"2554","669"
"2554","927"
"2554","1462"
"2554","1624"
"2554","1626"
"2554","1750"
"2554","2304"
"2554","2305"
"2555","929"
"2555","930"
"2556","182"
"2556","343"
"2556","351"
"2556","923"
"2556","927"
"2556","1462"
"2556","1604"
"2556","1623"
"2556","1624"
"2556","1626"
"2556","2143"
"2556","2305"
"2557","447"
"2557","475"
"2557","478"
"2559","42"
"2559","282"
"2559","367"
"2559","598"
"2559","669"
"2559","1058"
"2559","1462"
"2559","1590"
"2559","1605"
"2559","1607"
"2559","1624"
"2559","1626"
"2560","32"
"2560","282"
"2560","322"
"2560","653"
"2560","659"
"2560","660"
"2560","661"
"2560","662"
"2560","664"
"2560","668"
"2560","669"
"2560","670"
"2560","671"
"2560","672"
"2560","1462"
"2560","1626"
"2560","1630"
"2560","1690"
"2561","31"
"2561","32"
"2561","35"
"2561","37"
"2561","41"
"2561","464"
"2561","599"
"2561","1019"
"2561","1365"
"2561","1379"
"2561","1587"
"2561","1599"
"2561","1614"
"2561","1623"
"2561","1626"
"2561","2016"
"2561","2306"
"2562","523"
"2562","1113"
"2562","1114"
"2563","195"
"2563","198"
"2563","523"
"2563","775"
"2564","745"
"2564","775"
"2564","1379"
"2565","478"
"2566","1509"
"2566","1604"
"2568","254"
"2568","329"
"2569","379"
"2570","25"
"2570","329"
"2570","1244"
"2570","1483"
"2571","379"
"2572","329"
"2572","454"
"2572","512"
"2572","2307"
"2573","329"
"2573","351"
"2574","248"
"2574","1160"
"2574","1407"
"2574","1624"
"2574","2308"
"2575","793"
"2575","806"
"2575","2307"
"2576","996"
"2577","718"
"2578","939"
"2580","1624"
"2580","2309"
"2581","379"
"2582","1208"
"2582","1624"
"2583","379"
"2583","2310"
"2584","930"
"2584","988"
"2584","1358"
"2584","2287"
"2585","356"
"2586","379"
"2586","523"
"2587","329"
"2587","338"
"2587","344"
"2587","351"
"2587","795"
"2587","887"
"2587","927"
"2587","1624"
"2587","1632"
"2588","379"
"2589","379"
"2590","329"
"2590","822"
"2590","965"
"2591","379"
"2591","523"
"2591","939"
"2592","198"
"2592","307"
"2592","1961"
"2593","531"
"2593","1462"
"2594","523"
"2594","939"
"2595","899"
"2595","1180"
"2595","1183"
"2595","1462"
"2595","1607"
"2595","1626"
"2596","939"
"2597","523"
"2597","939"
"2598","1301"
"2599","379"
"2599","523"
"2600","329"
"2601","1428"
"2601","1606"
"2602","263"
"2603","523"
"2603","939"
"2604","379"
"2605","263"
"2606","772"
"2606","1462"
"2607","329"
"2607","1462"
"2607","1566"
"2608","1462"
"2608","1566"
"2609","379"
"2609","939"
"2610","114"
"2610","116"
"2610","707"
"2610","1025"
"2610","1238"
"2611","939"
"2612","597"
"2612","939"
"2612","1462"
"2612","1566"
"2613","1093"
"2614","379"
"2614","2312"
"2615","379"
"2615","2312"
"2616","329"
"2616","669"
"2616","968"
"2616","1541"
"2616","2313"
"2616","2314"
"2617","379"
"2618","268"
"2618","329"
"2618","798"
"2618","930"
"2618","1329"
"2618","1541"
"2619","329"
"2619","1462"
"2619","1541"
"2619","1630"
"2620","379"
"2620","2315"
"2621","379"
"2622","379"
"2623","379"
"2624","297"
"2624","1304"
"2624","1305"
"2624","2082"
"2625","379"
"2625","582"
"2627","379"
"2628","379"
"2629","379"
"2629","523"
"2630","329"
"2631","379"
"2632","939"
"2633","1444"
"2634","329"
"2634","513"
"2634","939"
"2634","1161"
"2634","1257"
"2634","2316"
"2635","772"
"2636","263"
"2636","379"
"2637","17"
"2637","343"
"2637","619"
"2637","1133"
"2638","939"
"2639","156"
"2639","329"
"2639","513"
"2639","1257"
"2639","2316"
"2640","379"
"2641","31"
"2641","113"
"2641","464"
"2641","798"
"2641","1379"
"2641","1631"
"2642","562"
"2642","988"
"2642","1358"
"2642","2287"
"2643","329"
"2643","512"
"2643","1599"
"2644","140"
"2644","195"
"2644","198"
"2644","464"
"2644","798"
"2644","869"
"2644","1462"
"2644","1520"
"2644","1606"
"2644","1631"
"2645","464"
"2645","2034"
"2646","81"
"2646","1115"
"2646","1116"
"2646","2317"
"2647","329"
"2648","80"
"2648","156"
"2648","329"
"2648","1257"
"2648","1462"
"2648","2316"
"2649","939"
"2649","1467"
"2650","1402"
"2650","1404"
"2651","939"
"2651","1467"
"2652","2318"
"2654","379"
"2656","379"
"2657","523"
"2657","582"
"2657","939"
"2658","423"
"2659","379"
"2660","873"
"2660","939"
"2660","2319"
"2661","749"
"2662","1170"
"2663","329"
"2663","351"
"2663","730"
"2663","1541"
"2664","379"
"2664","523"
"2665","343"
"2665","351"
"2665","423"
"2666","1652"
"2667","329"
"2667","351"
"2667","513"
"2667","1566"
"2667","1647"
"2667","1900"
"2668","1444"
"2669","875"
"2669","1736"
"2672","198"
"2672","475"
"2672","512"
"2672","2321"
"2673","379"
"2674","1444"
"2675","2322"
"2676","343"
"2676","939"
"2677","326"
"2677","1042"
"2678","939"
"2678","2323"
"2679","588"
"2679","939"
"2679","1433"
"2680","939"
"2681","939"
"2682","939"
"2683","379"
"2684","939"
"2685","769"
"2685","795"
"2685","1146"
"2685","1251"
"2685","1254"
"2685","1606"
"2686","1048"
"2688","769"
"2688","772"
"2689","472"
"2690","988"
"2690","1358"
"2690","1359"
"2690","1361"
"2690","2287"
"2691","798"
"2691","1466"
"2692","1466"
"2693","990"
"2693","1433"
"2694","990"
"2695","478"
"2695","1015"
"2695","1544"
"2695","1626"
"2696","2303"
"2697","1444"
"2699","379"
"2699","939"
"2700","758"
"2700","1078"
"2701","478"
"2701","1466"
"2702","1519"
"2702","1520"
"2702","1521"
"2703","939"
"2705","2274"
"2706","1046"
"2707","855"
"2707","1046"
"2707","1048"
"2708","1124"
"2709","250"
"2709","469"
"2710","343"
"2710","1613"
"2711","195"
"2712","1396"
"2713","1466"
"2715","448"
"2715","1129"
"2716","1444"
"2716","1478"
"2717","329"
"2717","336"
"2717","342"
"2717","346"
"2717","352"
"2717","478"
"2717","512"
"2717","907"
"2717","908"
"2717","958"
"2718","478"
"2718","1466"
"2719","475"
"2719","1024"
"2719","1480"
"2720","263"
"2720","475"
"2720","478"
"2720","2091"
"2721","475"
"2722","307"
"2722","1301"
"2723","68"
"2723","85"
"2723","201"
"2723","329"
"2723","981"
"2723","2329"
"2724","1428"
"2724","2330"
"2724","2331"
"2724","2332"
"2724","2333"
"2725","263"
"2726","263"
"2726","1623"
"2727","263"
"2727","329"
"2727","582"
"2728","263"
"2729","201"
"2729","478"
"2729","488"
"2729","513"
"2729","1256"
"2729","1462"
"2729","1513"
"2729","1520"
"2729","1521"
"2729","2397"
"2730","103"
"2730","263"
"2730","478"
"2730","1544"
"2731","663"
"2731","669"
"2732","367"
"2732","665"
"2732","669"
"2732","1462"
"2732","1631"
"2733","201"
"2733","329"
"2733","1161"
"2733","1244"
"2733","1630"
"2733","1724"
"2734","377"
"2734","669"
"2734","1566"
"2735","329"
"2735","1025"
"2736","153"
"2737","548"
"2737","1151"
"2737","1154"
"2739","201"
"2740","448"
"2741","274"
"2741","512"
"2741","1544"
"2742","263"
"2743","1600"
"2744","213"
"2744","277"
"2744","661"
"2744","663"
"2744","926"
"2744","1391"
"2744","1544"
"2744","1690"
"2744","1744"
"2744","1883"
"2744","2335"
"2744","2336"
"2744","2337"
"2744","2338"
"2744","2339"
"2745","196"
"2745","197"
"2745","446"
"2745","502"
"2745","631"
"2745","2303"
"2745","2340"
"2745","2342"
"2745","2343"
"2745","2344"
"2746","1365"
"2746","1626"
"2747","469"
"2747","494"
"2747","1444"
"2747","2345"
"2748","351"
"2748","379"
"2750","57"
"2750","329"
"2750","411"
"2750","1160"
"2751","301"
"2751","1517"
"2751","2346"
"2751","2347"
"2751","2348"
"2753","448"
"2754","379"
"2755","444"
"2755","1105"
"2755","1106"
"2755","1347"
"2756","56"
"2756","57"
"2756","1301"
"2756","1566"
"2757","1575"
"2758","263"
"2759","1256"
"2762","1063"
"2762","1065"
"2762","1142"
"2762","1208"
"2762","1344"
"2762","1624"
"2762","2349"
"2764","379"
"2765","28"
"2765","198"
"2765","329"
"2765","379"
"2765","861"
"2765","1160"
"2765","1209"
"2765","1520"
"2766","140"
"2766","296"
"2766","1180"
"2766","1181"
"2766","1184"
"2766","1373"
"2766","1624"
"2767","263"
"2768","379"
"2768","760"
"2769","475"
"2769","717"
"2769","767"
"2769","2154"
"2770","232"
"2771","140"
"2771","141"
"2771","197"
"2771","198"
"2771","213"
"2771","329"
"2771","815"
"2771","1858"
"2771","1900"
"2771","1976"
"2771","2350"
"2773","2352"
"2775","568"
"2775","1133"
"2776","1096"
"2778","198"
"2778","329"
"2778","1462"
"2778","1558"
"2778","2353"
"2779","1043"
"2780","1043"
"2781","2354"
"2782","12"
"2782","13"
"2782","17"
"2782","329"
"2782","343"
"2782","351"
"2782","777"
"2782","1194"
"2782","1520"
"2782","1972"
"2782","2143"
"2782","2355"
"2783","12"
"2783","17"
"2783","200"
"2783","201"
"2783","202"
"2783","329"
"2783","343"
"2783","351"
"2783","798"
"2783","1151"
"2783","1462"
"2783","1464"
"2785","1652"
"2786","2356"
"2787","1574"
"2788","28"
"2788","37"
"2788","164"
"2788","182"
"2788","184"
"2788","201"
"2788","367"
"2788","376"
"2788","671"
"2788","1012"
"2788","1015"
"2788","1042"
"2788","1081"
"2788","1184"
"2788","1237"
"2788","1238"
"2788","1340"
"2788","1462"
"2788","1558"
"2788","1565"
"2788","1566"
"2788","1613"
"2788","1744"
"2788","2358"
"2789","263"
"2790","571"
"2790","1344"
"2792","1019"
"2792","1151"
"2792","1154"
"2792","1155"
"2793","379"
"2794","379"
"2794","1344"
"2795","379"
"2795","789"
"2795","1344"
"2796","82"
"2796","930"
"2796","1019"
"2797","329"
"2797","741"
"2797","1667"
"2797","1992"
"2798","159"
"2798","425"
"2798","597"
"2798","1462"
"2798","1580"
"2798","1604"
"2798","1606"
"2798","2090"
"2799","318"
"2799","323"
"2799","325"
"2799","571"
"2799","2090"
"2799","2357"
"2800","160"
"2800","1654"
"2800","2160"
"2801","160"
"2801","558"
"2801","1418"
"2801","1419"
"2801","2033"
"2801","2160"
"2801","2359"
"2802","1344"
"2802","1428"
"2804","12"
"2804","17"
"2804","351"
"2804","1462"
"2804","1544"
"2804","1604"
"2804","1613"
"2804","1690"
"2805","236"
"2805","404"
"2805","967"
"2805","1462"
"2805","1604"
"2805","1610"
"2805","1626"
"2805","1630"
"2805","1690"
"2805","2360"
"2806","312"
"2806","1151"
"2806","1296"
"2806","1462"
"2806","1672"
"2807","336"
"2807","1667"
"2808","274"
"2809","787"
"2809","1461"
"2809","1462"
"2809","1464"
"2809","1604"
"2810","469"
"2810","494"
"2811","973"
"2811","1296"
"2812","17"
"2812","351"
"2812","1015"
"2813","244"
"2813","481"
"2813","758"
"2814","571"
"2814","2361"
"2815","1041"
"2815","1042"
"2815","1261"
"2815","1371"
"2815","1609"
"2815","1623"
"2815","1624"
"2815","1626"
"2816","160"
"2816","547"
"2816","1653"
"2816","2362"
"2816","2363"
"2817","287"
"2817","1672"
"2817","1936"
"2818","1028"
"2819","1351"
"2820","379"
"2821","1602"
"2821","1631"
"2822","160"
"2822","1653"
"2823","160"
"2824","379"
"2825","198"
"2825","1500"
"2825","1519"
"2825","1520"
"2826","379"
"2826","1028"
"2827","113"
"2827","329"
"2827","594"
"2827","595"
"2827","1381"
"2827","1382"
"2828","379"
"2829","57"
"2829","379"
"2829","411"
"2829","2364"
"2830","378"
"2830","379"
"2830","2364"
"2831","95"
"2831","182"
"2831","184"
"2831","388"
"2831","417"
"2831","638"
"2831","1517"
"2831","1604"
"2831","1624"
"2831","2022"
"2831","2326"
"2831","2327"
"2832","846"
"2832","1237"
"2832","1238"
"2833","379"
"2834","379"
"2835","379"
"2835","1606"
"2836","379"
"2836","794"
"2837","379"
"2838","379"
"2838","2364"
"2839","379"
"2839","2365"
"2840","233"
"2840","234"
"2840","235"
"2840","236"
"2840","404"
"2840","1033"
"2840","1462"
"2841","2107"
"2842","1028"
"2842","2366"
"2843","743"
"2844","213"
"2844","371"
"2844","665"
"2844","1432"
"2844","1462"
"2844","1690"
"2844","1860"
"2845","113"
"2845","1244"
"2846","121"
"2846","512"
"2847","238"
"2847","244"
"2847","1015"
"2848","1381"
"2849","2367"
"2850","794"
"2851","749"
"2851","1462"
"2851","2368"
"2852","1058"
"2852","2369"
"2853","448"
"2854","329"
"2854","1151"
"2855","329"
"2856","329"
"2856","349"
"2856","353"
"2856","887"
"2857","1046"
"2857","1462"
"2858","443"
"2858","1381"
"2859","274"
"2859","329"
"2859","331"
"2859","985"
"2860","722"
"2861","263"
"2862","199"
"2862","548"
"2862","600"
"2863","82"
"2863","2340"
"2865","2370"
"2866","1462"
"2866","2352"
"2867","113"
"2867","201"
"2867","557"
"2867","560"
"2867","721"
"2867","722"
"2867","1151"
"2867","1379"
"2867","2371"
"2867","2372"
"2867","2373"
"2867","2374"
"2868","523"
"2868","653"
"2868","669"
"2868","743"
"2869","743"
"2870","113"
"2870","2375"
"2870","2376"
"2871","113"
"2871","1972"
"2872","434"
"2872","512"
"2872","552"
"2872","697"
"2872","744"
"2872","804"
"2872","819"
"2872","820"
"2872","1185"
"2872","1344"
"2872","1483"
"2873","198"
"2873","274"
"2873","329"
"2873","744"
"2873","1055"
"2874","443"
"2874","2377"
"2875","1344"
"2876","383"
"2877","237"
"2878","28"
"2878","201"
"2878","466"
"2878","2112"
"2880","113"
"2880","351"
"2880","1261"
"2881","103"
"2881","182"
"2881","351"
"2881","616"
"2881","741"
"2881","760"
"2881","1088"
"2881","1582"
"2881","1585"
"2881","1592"
"2881","1599"
"2881","1607"
"2881","1613"
"2881","1624"
"2881","1631"
"2882","108"
"2882","2344"
"2883","744"
"2884","207"
"2884","232"
"2884","744"
"2884","758"
"2886","722"
"2886","1256"
"2886","1257"
"2886","1379"
"2887","744"
"2887","798"
"2887","1207"
"2887","1550"
"2888","744"
"2890","523"
"2890","1256"
"2890","1257"
"2890","1379"
"2891","329"
"2891","571"
"2891","1028"
"2891","1059"
"2891","1160"
"2891","1244"
"2891","2378"
"2892","744"
"2892","1467"
"2893","939"
"2894","1024"
"2894","1025"
"2894","1541"
"2895","121"
"2895","744"
"2895","820"
"2895","1467"
"2896","744"
"2896","1466"
"2896","1492"
"2897","215"
"2897","2379"
"2898","2380"
"2899","379"
"2900","379"
"2901","379"
"2901","2124"
"2901","2381"
"2902","798"
"2902","1652"
"2902","2382"
"2903","1466"
"2904","458"
"2905","1652"
"2906","1520"
"2906","1607"
"2906","1672"
"2907","379"
"2907","816"
"2907","2124"
"2908","106"
"2908","287"
"2908","523"
"2908","1606"
"2908","1631"
"2908","2383"
"2909","1520"
"2909","2384"
"2910","523"
"2910","1567"
"2910","1836"
"2910","2385"
"2911","244"
"2911","2386"
"2912","561"
"2912","662"
"2912","744"
"2913","390"
"2913","744"
"2913","1272"
"2914","744"
"2914","863"
"2915","523"
"2915","2420"
"2916","182"
"2916","559"
"2916","1019"
"2916","1365"
"2916","1626"
"2916","1836"
"2916","2145"
"2916","2288"
"2916","2387"
"2917","846"
"2917","1607"
"2918","1074"
"2918","2388"
"2919","1074"
"2920","743"
"2921","132"
"2921","198"
"2921","744"
"2921","1160"
"2921","1462"
"2921","2169"
"2921","2353"
"2921","2390"
"2922","744"
"2922","1105"
"2923","113"
"2923","198"
"2923","329"
"2923","351"
"2923","822"
"2923","923"
"2923","1462"
"2924","1569"
"2925","616"
"2925","767"
"2925","1044"
"2925","1046"
"2925","1462"
"2925","1610"
"2925","1626"
"2926","113"
"2926","464"
"2926","1428"
"2926","1653"
"2928","479"
"2929","388"
"2929","1624"
"2929","1628"
"2929","2391"
"2931","28"
"2931","351"
"2931","1588"
"2931","1626"
"2931","1628"
"2932","394"
"2932","777"
"2932","781"
"2932","1486"
"2932","1582"
"2932","1599"
"2932","1601"
"2932","1606"
"2932","1616"
"2933","1088"
"2933","1582"
"2934","1582"
"2935","321"
"2935","322"
"2935","669"
"2935","1582"
"2935","1606"
"2935","1623"
"2935","1631"
"2935","1692"
"2935","1693"
"2936","27"
"2936","103"
"2936","278"
"2936","279"
"2936","280"
"2936","282"
"2936","363"
"2936","669"
"2936","766"
"2936","795"
"2936","798"
"2936","1025"
"2936","1199"
"2936","1265"
"2936","1267"
"2936","1341"
"2936","1349"
"2936","1422"
"2936","1442"
"2936","1473"
"2936","1498"
"2936","1525"
"2936","1544"
"2936","1582"
"2936","1624"
"2936","1631"
"2936","1694"
"2937","798"
"2938","27"
"2938","51"
"2938","171"
"2938","521"
"2938","661"
"2938","795"
"2938","798"
"2938","1050"
"2938","1051"
"2938","1267"
"2938","1543"
"2938","1544"
"2938","1582"
"2938","1591"
"2938","1599"
"2938","1601"
"2938","1605"
"2938","1606"
"2938","1616"
"2938","1619"
"2938","1624"
"2938","1633"
"2939","27"
"2939","167"
"2939","321"
"2939","322"
"2939","576"
"2939","628"
"2939","658"
"2939","795"
"2939","798"
"2939","1088"
"2939","1201"
"2939","1359"
"2939","1423"
"2939","1495"
"2939","1544"
"2939","1582"
"2939","1601"
"2939","1605"
"2939","1606"
"2939","1624"
"2939","1631"
"2939","1695"
"2939","1696"
"2939","1698"
"2940","660"
"2940","668"
"2940","798"
"2940","1069"
"2940","1088"
"2940","1523"
"2940","1544"
"2940","1582"
"2940","1624"
"2941","1442"
"2941","1768"
"2942","798"
"2942","1582"
"2943","799"
"2943","1582"
"2943","1633"
"2943","1636"
"2944","27"
"2944","344"
"2944","795"
"2944","798"
"2944","1067"
"2944","1084"
"2944","1245"
"2944","1250"
"2944","1606"
"2945","27"
"2945","148"
"2945","351"
"2945","367"
"2945","438"
"2945","515"
"2945","546"
"2945","658"
"2945","665"
"2945","666"
"2945","668"
"2945","669"
"2945","670"
"2945","795"
"2945","798"
"2945","966"
"2945","1084"
"2945","1304"
"2945","1544"
"2945","1580"
"2945","1582"
"2945","1606"
"2945","1626"
"2945","1631"
"2945","1699"
"2946","74"
"2946","138"
"2946","658"
"2946","1502"
"2946","1504"
"2946","1505"
"2946","1544"
"2946","1582"
"2946","1606"
"2946","1631"
"2946","1701"
"2947","798"
"2947","1580"
"2947","1582"
"2947","1606"
"2947","1615"
"2947","1618"
"2948","546"
"2948","657"
"2948","669"
"2948","798"
"2948","1215"
"2948","1421"
"2948","1580"
"2948","1582"
"2948","1606"
"2948","1623"
"2949","27"
"2949","1580"
"2949","1582"
"2949","1606"
"2949","1623"
"2949","1626"
"2949","1631"
"2950","1051"
"2950","1580"
"2950","1582"
"2950","1601"
"2950","1619"
"2950","1624"
"2951","27"
"2951","203"
"2951","1051"
"2951","1582"
"2951","1616"
"2951","1623"
"2951","1626"
"2951","1631"
"2952","18"
"2952","171"
"2952","313"
"2952","319"
"2952","320"
"2952","341"
"2952","343"
"2952","351"
"2952","546"
"2952","710"
"2952","798"
"2952","923"
"2952","1042"
"2952","1051"
"2952","1099"
"2952","1151"
"2952","1152"
"2952","1155"
"2952","1179"
"2952","1544"
"2952","1582"
"2952","1591"
"2952","1601"
"2952","1619"
"2952","1624"
"2952","1631"
"2953","18"
"2953","64"
"2953","282"
"2953","319"
"2953","351"
"2953","367"
"2953","923"
"2953","977"
"2953","979"
"2953","1015"
"2953","1016"
"2953","1018"
"2953","1022"
"2953","1042"
"2953","1129"
"2953","1301"
"2953","1304"
"2953","1544"
"2953","1545"
"2953","1564"
"2953","1582"
"2953","1624"
"2953","1627"
"2953","1702"
"2954","1582"
"2954","1605"
"2954","1606"
"2954","1616"
"2954","1626"
"2955","27"
"2955","296"
"2955","341"
"2955","343"
"2955","344"
"2955","347"
"2955","351"
"2955","527"
"2955","528"
"2955","529"
"2955","530"
"2955","627"
"2955","923"
"2955","983"
"2955","1019"
"2955","1024"
"2955","1156"
"2955","1166"
"2955","1334"
"2955","1361"
"2955","1366"
"2955","1582"
"2955","1606"
"2955","1626"
"2955","1631"
"2956","107"
"2956","116"
"2956","117"
"2956","118"
"2956","166"
"2956","459"
"2956","624"
"2956","632"
"2956","658"
"2956","669"
"2956","795"
"2956","809"
"2956","818"
"2956","878"
"2956","1011"
"2956","1012"
"2956","1015"
"2956","1019"
"2956","1020"
"2956","1024"
"2956","1051"
"2956","1125"
"2956","1196"
"2956","1282"
"2956","1493"
"2956","1541"
"2956","1544"
"2956","1568"
"2956","1582"
"2956","1601"
"2956","1606"
"2956","1614"
"2956","1624"
"2956","1631"
"2956","1633"
"2956","1672"
"2956","1703"
"2957","27"
"2957","107"
"2957","118"
"2957","120"
"2957","166"
"2957","297"
"2957","313"
"2957","321"
"2957","351"
"2957","629"
"2957","795"
"2957","798"
"2957","968"
"2957","1015"
"2957","1019"
"2957","1025"
"2957","1125"
"2957","1129"
"2957","1184"
"2957","1282"
"2957","1544"
"2957","1564"
"2957","1582"
"2957","1599"
"2957","1601"
"2957","1606"
"2957","1616"
"2957","1623"
"2957","1624"
"2957","1626"
"2957","1627"
"2957","1631"
"2957","1680"
"2957","1705"
"2957","1707"
"2957","1708"
"2957","1709"
"2957","1710"
"2957","1711"
"2957","1715"
"2957","1716"
"2957","1717"
"2957","1731"
"2958","464"
"2958","1544"
"2959","1376"
"2960","4"
"2960","339"
"2960","351"
"2960","464"
"2960","795"
"2960","798"
"2960","799"
"2960","923"
"2960","926"
"2960","1057"
"2960","1065"
"2960","1078"
"2960","1294"
"2960","1577"
"2960","1578"
"2961","119"
"2961","344"
"2961","528"
"2961","798"
"2961","1099"
"2961","1100"
"2961","1156"
"2961","1215"
"2961","1294"
"2961","1591"
"2961","1606"
"2961","1614"
"2961","1622"
"2961","1623"
"2961","1626"
"2961","1631"
"2961","1712"
"2961","1713"
"2961","1714"
"2962","464"
"2962","1606"
"2963","464"
"2964","113"
"2964","464"
"2964","923"
"2964","969"
"2964","1061"
"2964","1062"
"2964","1332"
"2964","1606"
"2964","1720"
"2964","1721"
"2965","374"
"2965","1025"
"2966","343"
"2966","464"
"2967","464"
"2967","529"
"2968","464"
"2968","1672"
"2968","1722"
"2969","464"
"2969","1606"
"2970","244"
"2970","464"
"2970","798"
"2970","889"
"2970","951"
"2970","1591"
"2970","1622"
"2970","1723"
"2971","351"
"2971","464"
"2971","1061"
"2971","1606"
"2972","118"
"2972","119"
"2972","344"
"2972","462"
"2972","464"
"2972","798"
"2972","951"
"2972","975"
"2972","1061"
"2972","1442"
"2972","1443"
"2972","1510"
"2972","1599"
"2972","1606"
"2972","1614"
"2972","1631"
"2972","1724"
"2973","113"
"2974","1014"
"2974","1025"
"2974","1606"
"2975","113"
"2975","240"
"2976","798"
"2977","27"
"2977","29"
"2977","1582"
"2977","1599"
"2977","1606"
"2977","1624"
"2977","1725"
"2978","1243"
"2979","27"
"2979","42"
"2979","923"
"2979","927"
"2979","1051"
"2979","1582"
"2979","1599"
"2979","1605"
"2979","1606"
"2979","1616"
"2979","1624"
"2979","1626"
"2979","1631"
"2980","1243"
"2981","1243"
"2982","81"
"2982","116"
"2982","1014"
"2982","1024"
"2982","1025"
"2983","1042"
"2983","1243"
"2984","1243"
"2985","1243"
"2986","1243"
"2986","1544"
"2986","1686"
"2986","2346"
"2987","86"
"2987","87"
"2987","112"
"2987","658"
"2987","674"
"2987","713"
"2987","753"
"2987","755"
"2987","756"
"2987","905"
"2987","966"
"2987","1495"
"2987","1496"
"2987","1497"
"2987","1544"
"2987","1582"
"2987","1599"
"2987","1606"
"2987","1624"
"2987","1626"
"2987","1631"
"2988","1243"
"2989","1243"
"2990","83"
"2990","1015"
"2990","1019"
"2990","1606"
"2991","1243"
"2992","1065"
"2992","1243"
"2992","1383"
"2992","1726"
"2993","1243"
"2994","798"
"2994","984"
"2994","1243"
"2994","1728"
"2995","83"
"2995","798"
"2995","1243"
"2996","1243"
"2997","795"
"2997","798"
"2997","1243"
"2998","47"
"2998","247"
"2998","1243"
"2999","1243"
"3000","322"
"3000","461"
"3000","1243"
"3001","1084"
"3001","1243"
"3002","798"
"3002","1065"
"3002","1078"
"3002","1243"
"3003","1065"
"3003","1243"
"3004","1243"
"3004","1729"
"3005","981"
"3006","358"
"3006","360"
"3006","464"
"3006","510"
"3006","864"
"3006","1061"
"3006","1606"
"3006","1730"
"3007","464"
"3007","527"
"3007","665"
"3007","669"
"3007","795"
"3007","798"
"3007","1143"
"3007","1359"
"3007","1577"
"3007","1578"
"3007","1606"
"3007","1624"
"3007","1631"
"3007","1636"
"3008","1243"
"3008","1631"
"3008","1732"
"3010","1243"
"3011","798"
"3012","578"
"3012","798"
"3012","1243"
"3012","1512"
"3013","81"
"3013","313"
"3013","314"
"3013","578"
"3013","579"
"3013","1017"
"3013","1021"
"3013","1025"
"3013","1694"
"3013","1733"
"3013","1735"
"3013","1736"
"3014","1065"
"3014","1243"
"3015","119"
"3015","343"
"3015","1020"
"3015","1582"
"3015","1737"
"3015","1741"
"3015","1742"
"3015","1743"
"3017","279"
"3017","319"
"3017","322"
"3017","1533"
"3017","1539"
"3017","1582"
"3017","1624"
"3017","1626"
"3017","1631"
"3017","1740"
"3017","1742"
"3018","464"
"3018","1065"
"3018","1078"
"3018","1243"
"3018","1295"
"3018","1747"
"3019","464"
"3019","1215"
"3019","1631"
"3020","113"
"3020","464"
"3020","669"
"3021","591"
"3021","1065"
"3021","1078"
"3021","1243"
"3021","1488"
"3022","981"
"3022","1065"
"3022","1126"
"3022","1142"
"3022","1143"
"3023","113"
"3023","237"
"3024","113"
"3024","237"
"3024","1606"
"3025","113"
"3025","1078"
"3025","1143"
"3025","1624"
"3025","1631"
"3026","159"
"3027","911"
"3027","1582"
"3027","1606"
"3027","1614"
"3027","1623"
"3027","1624"
"3027","1631"
"3028","358"
"3028","464"
"3028","911"
"3028","1606"
"3028","1614"
"3028","1624"
"3028","1631"
"3028","1748"
"3029","118"
"3029","358"
"3029","360"
"3029","464"
"3029","665"
"3029","795"
"3029","911"
"3029","1061"
"3029","1523"
"3029","1606"
"3029","1614"
"3029","1631"
"3029","1749"
"3030","464"
"3030","798"
"3030","1606"
"3031","113"
"3031","1614"
"3031","1624"
"3031","1631"
"3032","1515"
"3032","1580"
"3032","1582"
"3032","1599"
"3032","1606"
"3032","1623"
"3032","1624"
"3032","1631"
"3033","10"
"3033","112"
"3033","118"
"3033","321"
"3033","795"
"3033","798"
"3033","1015"
"3033","1032"
"3033","1033"
"3033","1109"
"3033","1582"
"3033","1591"
"3033","1599"
"3033","1606"
"3033","1622"
"3033","1623"
"3033","1624"
"3033","1631"
"3033","1750"
"3034","103"
"3034","1582"
"3034","1599"
"3034","1606"
"3034","1623"
"3034","1624"
"3034","1626"
"3034","1750"
"3035","795"
"3035","798"
"3035","1243"
"3035","1624"
"3035","1631"
"3036","27"
"3036","168"
"3036","313"
"3036","1015"
"3036","1099"
"3036","1544"
"3036","1582"
"3036","1583"
"3036","1599"
"3036","1605"
"3036","1606"
"3036","1615"
"3036","1622"
"3036","1623"
"3036","1624"
"3036","1631"
"3036","1723"
"3037","1143"
"3038","237"
"3039","105"
"3039","314"
"3039","324"
"3039","669"
"3039","1042"
"3039","1359"
"3039","1544"
"3039","1582"
"3039","1599"
"3039","1606"
"3039","1623"
"3039","1626"
"3039","1751"
"3039","1752"
"3039","1753"
"3039","1754"
"3040","237"
"3040","1065"
"3040","1631"
"3041","83"
"3041","159"
"3041","1019"
"3041","1270"
"3041","1624"
"3042","159"
"3043","836"
"3043","1000"
"3044","83"
"3044","1015"
"3044","1025"
"3044","1026"
"3044","1295"
"3044","1297"
"3044","1606"
"3045","21"
"3045","159"
"3045","981"
"3045","1268"
"3046","1243"
"3046","1295"
"3047","81"
"3047","118"
"3047","374"
"3047","968"
"3047","1019"
"3047","1020"
"3047","1024"
"3047","1025"
"3048","3"
"3048","81"
"3048","83"
"3048","118"
"3048","464"
"3048","795"
"3048","798"
"3048","1015"
"3048","1019"
"3048","1025"
"3048","1085"
"3048","1131"
"3048","1132"
"3048","1295"
"3048","1296"
"3048","1297"
"3048","1447"
"3048","1515"
"3048","1524"
"3048","1544"
"3048","1547"
"3048","1553"
"3048","1582"
"3048","1586"
"3048","1606"
"3048","1624"
"3048","1711"
"3048","1736"
"3048","1755"
"3049","1143"
"3050","1143"
"3051","1143"
"3052","159"
"3052","1606"
"3052","1624"
"3053","113"
"3053","344"
"3053","669"
"3053","1515"
"3053","1606"
"3053","1631"
"3054","1243"
"3054","1295"
"3054","1297"
"3054","1624"
"3054","1756"
"3055","665"
"3055","669"
"3055","798"
"3055","1383"
"3055","1544"
"3055","1582"
"3055","1596"
"3055","1606"
"3055","1624"
"3055","1757"
"3056","159"
"3056","866"
"3056","1142"
"3056","1252"
"3056","1253"
"3057","1243"
"3057","1624"
"3057","1758"
"3058","624"
"3058","1624"
"3058","1759"
"3059","567"
"3059","1243"
"3059","1523"
"3059","1760"
"3060","795"
"3060","798"
"3060","1015"
"3060","1025"
"3060","1544"
"3060","1546"
"3060","1582"
"3060","1599"
"3060","1606"
"3060","1616"
"3060","1624"
"3060","1626"
"3060","1761"
"3060","1762"
"3061","3"
"3061","351"
"3061","464"
"3061","795"
"3061","798"
"3061","1131"
"3061","1132"
"3061","1295"
"3061","1297"
"3061","1582"
"3061","1590"
"3061","1606"
"3061","1616"
"3061","1619"
"3061","1624"
"3061","1626"
"3062","27"
"3062","83"
"3062","658"
"3062","795"
"3062","1026"
"3062","1295"
"3062","1544"
"3062","1582"
"3062","1606"
"3062","1616"
"3062","1624"
"3063","658"
"3063","795"
"3063","1019"
"3063","1544"
"3063","1582"
"3063","1606"
"3063","1616"
"3063","1624"
"3063","1763"
"3063","1764"
"3064","319"
"3064","658"
"3064","1025"
"3064","1295"
"3064","1497"
"3064","1582"
"3064","1616"
"3064","1623"
"3064","1624"
"3064","1626"
"3064","1765"
"3064","1766"
"3064","1767"
"3065","795"
"3065","798"
"3066","1606"
"3067","114"
"3067","374"
"3067","968"
"3067","1012"
"3067","1013"
"3067","1014"
"3067","1017"
"3067","1019"
"3067","1020"
"3067","1024"
"3067","1025"
"3067","1301"
"3067","1544"
"3067","1577"
"3067","1578"
"3068","113"
"3068","237"
"3069","798"
"3069","1606"
"3069","1768"
"3069","1769"
"3070","798"
"3070","1014"
"3070","1015"
"3070","1017"
"3070","1025"
"3071","1013"
"3071","1025"
"3071","1606"
"3072","1143"
"3073","1143"
"3074","263"
"3075","83"
"3075","1019"
"3075","1025"
"3076","374"
"3076","1019"
"3076","1025"
"3077","113"
"3077","237"
"3077","1606"
"3077","1770"
"3079","237"
"3080","159"
"3080","1143"
"3080","1144"
"3080","1157"
"3080","1771"
"3080","1772"
"3081","263"
"3082","113"
"3082","237"
"3082","464"
"3083","237"
"3084","237"
"3084","1065"
"3084","1672"
"3084","1722"
"3084","1770"
"3085","237"
"3085","1065"
"3086","237"
"3086","1065"
"3087","464"
"3087","1379"
"3088","71"
"3088","263"
"3088","669"
"3088","1397"
"3089","71"
"3089","263"
"3089","1397"
"3090","263"
"3090","1397"
"3091","113"
"3091","237"
"3091","1379"
"3092","71"
"3092","263"
"3092","669"
"3092","798"
"3093","159"
"3093","1143"
"3093","1624"
"3093","1631"
"3093","1773"
"3094","263"
"3094","1301"
"3095","106"
"3095","795"
"3095","1379"
"3095","1606"
"3095","1624"
"3095","1636"
"3096","3"
"3096","332"
"3096","795"
"3096","798"
"3096","1151"
"3096","1155"
"3096","1296"
"3096","1297"
"3097","367"
"3097","461"
"3097","464"
"3097","599"
"3097","665"
"3097","669"
"3097","1774"
"3098","1065"
"3098","1297"
"3098","1775"
"3099","263"
"3099","1624"
"3100","795"
"3100","856"
"3100","1015"
"3100","1053"
"3100","1243"
"3100","1636"
"3101","237"
"3102","237"
"3102","375"
"3103","1111"
"3103","1624"
"3103","1776"
"3104","240"
"3104","795"
"3104","798"
"3105","263"
"3106","263"
"3107","313"
"3107","314"
"3107","319"
"3107","320"
"3107","321"
"3107","415"
"3107","1041"
"3107","1042"
"3107","1370"
"3107","1582"
"3107","1590"
"3107","1599"
"3107","1602"
"3107","1606"
"3107","1619"
"3107","1623"
"3107","1777"
"3107","1778"
"3107","1779"
"3107","1780"
"3107","1781"
"3107","1782"
"3108","113"
"3108","313"
"3108","1042"
"3108","1783"
"3109","76"
"3109","78"
"3109","164"
"3109","255"
"3109","313"
"3109","315"
"3109","317"
"3109","318"
"3109","319"
"3109","320"
"3109","321"
"3109","323"
"3109","351"
"3109","365"
"3109","399"
"3109","415"
"3109","727"
"3109","1041"
"3109","1287"
"3109","1288"
"3109","1289"
"3109","1359"
"3109","1370"
"3109","1582"
"3109","1606"
"3109","1624"
"3109","1784"
"3109","1785"
"3109","1786"
"3109","1787"
"3109","1788"
"3109","1789"
"3109","1790"
"3109","1791"
"3109","1792"
"3109","1793"
"3110","27"
"3110","255"
"3110","313"
"3110","314"
"3110","317"
"3110","318"
"3110","319"
"3110","321"
"3110","323"
"3110","415"
"3110","1041"
"3110","1042"
"3110","1370"
"3110","1582"
"3110","1590"
"3110","1599"
"3110","1602"
"3110","1606"
"3110","1623"
"3110","1624"
"3110","1626"
"3110","1777"
"3110","1789"
"3110","1792"
"3110","1794"
"3110","1795"
"3110","1796"
"3110","1797"
"3110","1798"
"3110","1799"
"3111","319"
"3111","320"
"3111","321"
"3111","323"
"3111","415"
"3111","1084"
"3111","1606"
"3111","1624"
"3111","1800"
"3112","367"
"3112","1539"
"3113","263"
"3114","11"
"3114","263"
"3114","796"
"3115","237"
"3115","464"
"3115","1624"
"3115","1801"
"3115","1802"
"3116","1243"
"3118","1546"
"3118","1803"
"3119","130"
"3119","321"
"3119","616"
"3119","713"
"3119","798"
"3119","1025"
"3119","1042"
"3119","1461"
"3119","1462"
"3119","1463"
"3119","1582"
"3119","1599"
"3119","1604"
"3119","1606"
"3119","1624"
"3119","1804"
"3120","1232"
"3120","1807"
"3121","798"
"3122","4"
"3122","332"
"3122","558"
"3122","560"
"3122","798"
"3122","968"
"3122","1604"
"3122","1606"
"3122","1624"
"3123","982"
"3124","367"
"3124","665"
"3124","795"
"3124","796"
"3124","798"
"3124","799"
"3124","800"
"3124","1041"
"3124","1042"
"3124","1544"
"3124","1809"
"3125","75"
"3125","1379"
"3125","1397"
"3125","1544"
"3125","1604"
"3125","1810"
"3126","263"
"3126","1065"
"3126","1143"
"3126","1606"
"3127","263"
"3127","1143"
"3128","263"
"3128","1143"
"3128","1606"
"3129","263"
"3129","1143"
"3130","263"
"3130","1520"
"3130","1521"
"3131","263"
"3131","1143"
"3132","263"
"3133","263"
"3133","1513"
"3134","113"
"3134","1606"
"3134","1623"
"3134","1631"
"3135","113"
"3135","1623"
"3136","263"
"3136","1143"
"3137","1811"
"3138","263"
"3139","1143"
"3139","1244"
"3140","367"
"3140","795"
"3140","798"
"3140","1544"
"3140","1604"
"3140","1606"
"3140","1624"
"3140","1631"
"3140","1632"
"3142","263"
"3142","1143"
"3142","1812"
"3142","1813"
"3142","1814"
"3143","263"
"3144","4"
"3144","1155"
"3144","1156"
"3145","83"
"3145","1019"
"3146","567"
"3146","1243"
"3146","1631"
"3147","16"
"3147","76"
"3147","113"
"3147","464"
"3147","669"
"3147","798"
"3147","1078"
"3148","128"
"3148","313"
"3148","1606"
"3149","128"
"3149","1606"
"3149","2095"
"3149","2106"
"3150","128"
"3151","744"
"3152","1019"
"3153","744"
"3153","1630"
"3154","744"
"3155","552"
"3155","744"
"3156","244"
"3156","289"
"3156","552"
"3156","744"
"3157","297"
"3157","329"
"3157","608"
"3157","740"
"3157","744"
"3157","1444"
"3157","2096"
"3157","2097"
"3157","2098"
"3158","140"
"3158","289"
"3158","552"
"3158","744"
"3158","859"
"3158","1395"
"3158","1858"
"3159","1359"
"3159","1462"
"3159","2099"
"3160","379"
"3161","1631"
"3162","309"
"3162","379"
"3162","1381"
"3162","1382"
"3162","2100"
"3163","788"
"3163","1606"
"3163","1631"
"3164","17"
"3164","329"
"3164","785"
"3164","887"
"3164","1467"
"3164","1519"
"3164","1520"
"3164","2102"
"3165","329"
"3165","1519"
"3165","1520"
"3166","381"
"3166","512"
"3166","744"
"3168","512"
"3168","744"
"3168","1344"
"3169","1477"
"3170","943"
"3171","1554"
"3171","2103"
"3172","193"
"3173","445"
"3174","309"
"3174","329"
"3174","744"
"3175","309"
"3175","329"
"3175","744"
"3176","309"
"3176","329"
"3176","512"
"3176","744"
"3176","762"
"3177","182"
"3177","183"
"3177","189"
"3177","1042"
"3177","1624"
"3177","2104"
"3178","744"
"3180","942"
"3180","1559"
"3180","1560"
"3181","700"
"3181","1112"
"3181","1379"
"3181","2105"
"3182","529"
"3182","1084"
"3183","297"
"3183","798"
"3183","1061"
"3183","1064"
"3183","1084"
"3184","1381"
"3184","1382"
"3184","2107"
"3185","744"
"3187","2108"
"3188","942"
"3189","329"
"3189","744"
"3190","329"
"3190","744"
"3190","2109"
"3191","448"
"3191","2110"
"3192","1466"
"3194","132"
"3194","201"
"3194","465"
"3194","512"
"3194","749"
"3194","1604"
"3194","1613"
"3194","2111"
"3195","1604"
"3195","2111"
"3196","475"
"3197","81"
"3197","113"
"3197","201"
"3197","299"
"3197","329"
"3197","1359"
"3197","1462"
"3197","2112"
"3197","2113"
"3199","329"
"3199","572"
"3199","2114"
"3199","2115"
"3200","182"
"3200","253"
"3201","238"
"3201","523"
"3201","869"
"3201","1244"
"3202","238"
"3202","239"
"3204","201"
"3204","1359"
"3204","1462"
"3204","1604"
"3204","1611"
"3204","1613"
"3204","1624"
"3204","2116"
"3205","215"
"3206","744"
"3207","84"
"3207","795"
"3207","796"
"3207","798"
"3208","16"
"3208","329"
"3208","744"
"3209","329"
"3209","744"
"3209","1462"
"3210","8"
"3210","329"
"3210","367"
"3210","663"
"3210","665"
"3210","744"
"3210","1096"
"3210","2118"
"3211","379"
"3211","572"
"3212","329"
"3212","379"
"3212","971"
"3213","329"
"3213","379"
"3213","1946"
"3214","379"
"3215","1237"
"3215","1238"
"3215","1239"
"3215","1280"
"3215","1381"
"3215","1382"
"3215","2119"
"3216","215"
"3216","329"
"3216","744"
"3216","1381"
"3217","1517"
"3218","379"
"3218","558"
"3218","744"
"3218","939"
"3218","1239"
"3218","2121"
"3219","512"
"3219","917"
"3219","1046"
"3219","2122"
"3219","2123"
"3220","1280"
"3221","1396"
"3221","2124"
"3223","1817"
"3223","2125"
"3223","2126"
"3224","42"
"3224","114"
"3224","1462"
"3224","1601"
"3224","1605"
"3224","1609"
"3224","1620"
"3224","1626"
"3224","2127"
"3224","2128"
"3224","2129"
"3225","378"
"3225","379"
"3225","1025"
"3226","1221"
"3226","1295"
"3226","1296"
"3226","1297"
"3227","213"
"3227","1466"
"3227","1569"
"3228","1021"
"3228","1025"
"3228","1359"
"3229","706"
"3230","113"
"3230","956"
"3230","1133"
"3230","2130"
"3231","192"
"3231","464"
"3231","798"
"3231","1631"
"3232","956"
"3232","1257"
"3232","1606"
"3234","165"
"3235","2132"
"3236","28"
"3236","329"
"3236","744"
"3236","1296"
"3237","524"
"3238","1129"
"3238","1133"
"3238","1216"
"3239","213"
"3240","851"
"3240","1587"
"3240","1605"
"3240","1609"
"3240","1626"
"3241","221"
"3242","221"
"3243","221"
"3244","113"
"3244","239"
"3244","240"
"3244","244"
"3244","461"
"3244","944"
"3245","28"
"3245","221"
"3245","329"
"3245","578"
"3245","929"
"3245","930"
"3245","1294"
"3245","1418"
"3245","1836"
"3245","2011"
"3245","2090"
"3245","2091"
"3245","2092"
"3246","82"
"3246","221"
"3246","244"
"3246","929"
"3246","930"
"3246","1294"
"3246","1949"
"3246","1952"
"3246","2091"
"3247","103"
"3247","1240"
"3248","44"
"3248","221"
"3249","221"
"3249","929"
"3249","1215"
"3249","1294"
"3249","1778"
"3250","470"
"3250","1682"
"3250","2133"
"3251","221"
"3251","1276"
"3251","1277"
"3251","1677"
"3251","2134"
"3252","221"
"3252","1677"
"3253","221"
"3253","1677"
"3253","2408"
"3254","221"
"3254","303"
"3254","1677"
"3254","2408"
"3255","221"
"3257","379"
"3257","1240"
"3258","572"
"3259","275"
"3259","757"
"3259","1024"
"3259","1588"
"3260","28"
"3260","1024"
"3260","1626"
"3260","2135"
"3261","221"
"3261","1275"
"3262","221"
"3262","1275"
"3263","802"
"3263","1240"
"3263","1652"
"3264","221"
"3264","1275"
"3264","1322"
"3265","557"
"3265","560"
"3265","795"
"3265","1024"
"3265","1258"
"3265","1801"
"3265","2136"
"3266","238"
"3266","427"
"3267","140"
"3267","221"
"3267","758"
"3267","762"
"3268","221"
"3268","1015"
"3268","1567"
"3268","2137"
"3268","2138"
"3269","706"
"3270","221"
"3270","2139"
"3271","379"
"3272","343"
"3272","345"
"3272","799"
"3272","1400"
"3272","2140"
"3272","2141"
"3272","2142"
"3272","2143"
"3273","942"
"3274","221"
"3275","221"
"3275","1801"
"3276","221"
"3277","159"
"3277","1253"
"3278","942"
"3279","184"
"3279","1604"
"3279","1613"
"3279","1626"
"3279","1630"
"3279","2144"
"3280","221"
"3281","942"
"3282","605"
"3282","796"
"3282","798"
"3283","1604"
"3283","2094"
"3285","1652"
"3286","221"
"3286","1519"
"3286","1520"
"3287","1364"
"3287","1365"
"3287","1587"
"3287","1626"
"3287","2145"
"3288","1364"
"3288","1365"
"3288","1587"
"3289","1604"
"3289","2094"
"3290","1604"
"3290","2094"
"3291","1604"
"3291","2094"
"3292","1604"
"3292","2094"
"3292","2146"
"3293","1604"
"3293","2094"
"3293","2146"
"3294","784"
"3294","1604"
"3294","2094"
"3295","1129"
"3295","1416"
"3296","1604"
"3296","2094"
"3297","1604"
"3297","2094"
"3298","1604"
"3299","2094"
"3300","423"
"3300","597"
"3300","942"
"3300","1036"
"3301","744"
"3301","942"
"3302","1570"
"3303","159"
"3304","103"
"3305","1180"
"3305","1253"
"3305","1462"
"3306","2094"
"3307","156"
"3307","689"
"3307","1604"
"3307","1624"
"3307","2094"
"3307","2111"
"3307","2123"
"3309","689"
"3309","1604"
"3309","1624"
"3309","2094"
"3309","2147"
"3310","2094"
"3311","156"
"3311","360"
"3311","2094"
"3311","2111"
"3311","2148"
"3312","767"
"3312","2094"
"3312","2149"
"3313","2094"
"3314","561"
"3315","379"
"3315","942"
"3316","942"
"3317","313"
"3317","845"
"3317","846"
"3317","1379"
"3317","1631"
"3317","2150"
"3318","156"
"3318","689"
"3318","2094"
"3320","156"
"3320","184"
"3320","351"
"3320","705"
"3320","923"
"3320","1544"
"3320","1546"
"3320","1613"
"3320","1626"
"3320","2151"
"3320","2152"
"3321","846"
"3321","1607"
"3322","917"
"3322","1046"
"3323","1046"
"3323","1119"
"3323","2154"
"3324","364"
"3325","1258"
"3326","1652"
"3326","2155"
"3326","2156"
"3327","1643"
"3328","106"
"3328","313"
"3328","314"
"3328","318"
"3328","1606"
"3328","1631"
"3328","1643"
"3328","1731"
"3329","2157"
"3330","653"
"3330","762"
"3331","62"
"3331","184"
"3331","1221"
"3331","1462"
"3331","1544"
"3331","2055"
"3331","2158"
"3332","294"
"3332","2159"
"3333","247"
"3333","294"
"3333","464"
"3333","597"
"3333","795"
"3333","798"
"3333","816"
"3333","1015"
"3333","1062"
"3333","1084"
"3333","1276"
"3333","1277"
"3333","1631"
"3334","68"
"3334","294"
"3334","1062"
"3334","1066"
"3334","1124"
"3334","2160"
"3335","2396"
"3336","113"
"3336","238"
"3336","242"
"3336","716"
"3336","798"
"3336","822"
"3336","1215"
"3336","1541"
"3336","1613"
"3337","294"
"3337","798"
"3338","942"
"3339","951"
"3339","1276"
"3339","1277"
"3339","1566"
"3339","1567"
"3339","1570"
"3339","2161"
"3339","2422"
"3340","184"
"3340","974"
"3340","1462"
"3340","1626"
"3340","1648"
"3340","2086"
"3340","2162"
"3342","182"
"3342","184"
"3342","512"
"3342","1462"
"3342","1607"
"3342","1610"
"3342","1612"
"3342","1626"
"3342","1648"
"3342","1656"
"3342","2163"
"3342","2164"
"3343","2165"
"3344","744"
"3344","2166"
"3345","184"
"3346","182"
"3346","183"
"3346","184"
"3346","185"
"3346","189"
"3346","190"
"3346","1042"
"3346","1462"
"3346","1558"
"3346","1559"
"3346","1626"
"3346","2167"
"3348","182"
"3348","184"
"3348","189"
"3348","1042"
"3348","1462"
"3348","1544"
"3348","1558"
"3348","1626"
"3348","2168"
"3348","2169"
"3349","184"
"3349","1221"
"3349","1462"
"3349","1546"
"3350","184"
"3350","1462"
"3350","1604"
"3350","1626"
"3351","1462"
"3351","1604"
"3351","1626"
"3352","184"
"3352","278"
"3352","663"
"3352","1379"
"3352","2114"
"3352","2170"
"3352","2171"
"3352","2172"
"3352","2173"
"3352","2174"
"3353","1465"
"3354","182"
"3354","183"
"3354","184"
"3354","189"
"3354","1610"
"3354","1613"
"3354","1626"
"3354","1962"
"3355","81"
"3355","663"
"3355","665"
"3355","1507"
"3355","1610"
"3355","2175"
"3356","195"
"3356","363"
"3356","655"
"3356","2176"
"3357","182"
"3357","183"
"3357","190"
"3357","974"
"3357","1024"
"3357","1472"
"3357","1588"
"3357","1611"
"3357","1613"
"3357","1620"
"3357","1621"
"3357","1626"
"3357","2080"
"3357","2081"
"3357","2116"
"3357","2177"
"3357","2178"
"3357","2179"
"3357","2180"
"3357","2183"
"3358","507"
"3358","1381"
"3358","1606"
"3359","184"
"3359","329"
"3359","811"
"3359","2184"
"3359","2185"
"3359","2415"
"3359","2416"
"3360","869"
"3361","294"
"3361","1101"
"3361","1240"
"3361","1462"
"3362","669"
"3362","798"
"3362","942"
"3363","456"
"3363","942"
"3363","981"
"3363","1142"
"3364","942"
"3365","1381"
"3365","1382"
"3365","1466"
"3366","328"
"3366","350"
"3366","1588"
"3366","2417"
"3367","121"
"3367","512"
"3367","1462"
"3368","42"
"3368","655"
"3368","665"
"3369","42"
"3370","557"
"3370","663"
"3370","1033"
"3370","1613"
"3370","1624"
"3370","2188"
"3370","2189"
"3371","42"
"3371","182"
"3371","195"
"3371","655"
"3371","1588"
"3371","1606"
"3371","2114"
"3372","942"
"3373","475"
"3373","2111"
"3373","2190"
"3373","2192"
"3374","1626"
"3374","2293"
"3375","669"
"3375","798"
"3375","942"
"3376","665"
"3376","669"
"3376","798"
"3376","942"
"3376","1731"
"3376","2193"
"3376","2194"
"3376","2195"
"3376","2196"
"3377","665"
"3377","669"
"3377","942"
"3377","1046"
"3377","1196"
"3377","1283"
"3378","798"
"3378","942"
"3378","1196"
"3379","663"
"3379","665"
"3379","916"
"3379","942"
"3379","2196"
"3380","81"
"3380","1544"
"3380","1546"
"3380","1601"
"3380","1613"
"3381","566"
"3381","798"
"3381","1296"
"3381","1651"
"3382","942"
"3383","121"
"3383","184"
"3384","1650"
"3385","103"
"3385","163"
"3385","164"
"3385","512"
"3385","628"
"3385","643"
"3385","1041"
"3385","1042"
"3385","1588"
"3385","1606"
"3385","1613"
"3385","1617"
"3385","1626"
"3385","1678"
"3385","2085"
"3386","25"
"3386","329"
"3386","512"
"3386","974"
"3386","1151"
"3386","1606"
"3386","1675"
"3386","1676"
"3386","2159"
"3387","1663"
"3388","198"
"3388","329"
"3388","973"
"3388","974"
"3388","1151"
"3388","1587"
"3388","1626"
"3389","121"
"3389","282"
"3389","785"
"3389","1129"
"3389","1252"
"3390","1649"
"3391","744"
"3391","942"
"3391","1344"
"3392","221"
"3393","386"
"3393","1587"
"3393","1604"
"3393","1626"
"3393","1629"
"3393","1630"
"3393","2086"
"3394","344"
"3394","1143"
"3394","1244"
"3394","1428"
"3394","1652"
"3394","1653"
"3394","1654"
"3395","1652"
"3396","1381"
"3396","1668"
"3396","1669"
"3397","1686"
"3397","2083"
"3398","942"
"3398","1142"
"3399","184"
"3399","1089"
"3399","1221"
"3399","1544"
"3399","1546"
"3400","942"
"3401","1046"
"3401","1544"
"3402","386"
"3402","388"
"3402","548"
"3403","113"
"3403","238"
"3403","239"
"3403","594"
"3403","822"
"3404","512"
"3404","1151"
"3404","1587"
"3404","1610"
"3404","1626"
"3404","1670"
"3404","1671"
"3405","464"
"3405","1112"
"3405","1379"
"3406","626"
"3406","1664"
"3406","1672"
"3407","329"
"3407","1664"
"3407","1667"
"3408","42"
"3408","120"
"3408","140"
"3408","182"
"3408","268"
"3408","388"
"3408","1214"
"3408","1356"
"3408","1357"
"3408","1382"
"3408","1480"
"3408","1558"
"3408","1559"
"3408","1626"
"3408","1656"
"3408","2084"
"3409","51"
"3409","52"
"3409","53"
"3409","195"
"3409","274"
"3409","329"
"3409","744"
"3409","1382"
"3409","1480"
"3409","1558"
"3409","1559"
"3409","1604"
"3409","1626"
"3409","2087"
"3409","2088"
"3410","1060"
"3411","182"
"3411","184"
"3411","512"
"3411","744"
"3411","1382"
"3411","1588"
"3411","1604"
"3411","1613"
"3411","1688"
"3412","329"
"3412","744"
"3412","1024"
"3412","1381"
"3412","2089"
"3413","663"
"3413","669"
"3413","1382"
"3413","1466"
"3413","1690"
"3414","1007"
"3414","1024"
"3414","1566"
"3414","1691"
"3414","2082"
"3415","329"
"3415","1688"
"3416","195"
"3416","329"
"3416","353"
"3416","744"
"3416","1160"
"3416","1610"
"3416","1613"
"3416","1629"
"3416","1630"
"3416","1637"
"3416","1688"
"3417","313"
"3417","1388"
"3417","1631"
"3418","68"
"3418","329"
"3418","1024"
"3418","1160"
"3418","1652"
"3419","28"
"3419","160"
"3419","329"
"3419","1160"
"3419","1274"
"3419","1652"
"3420","8"
"3420","329"
"3420","744"
"3420","1024"
"3420","1160"
"3420","1281"
"3420","1655"
"3421","25"
"3421","182"
"3421","329"
"3421","744"
"3421","1317"
"3421","1604"
"3421","1613"
"3421","2197"
"3422","329"
"3422","841"
"3422","1244"
"3422","2198"
"3423","184"
"3423","198"
"3423","329"
"3423","744"
"3423","869"
"3423","1024"
"3423","1613"
"3424","2234"
"3425","302"
"3425","329"
"3425","343"
"3425","351"
"3425","744"
"3425","747"
"3425","893"
"3425","1024"
"3425","1209"
"3425","1613"
"3426","1453"
"3426","2234"
"3427","163"
"3427","182"
"3427","329"
"3427","512"
"3427","744"
"3427","1024"
"3427","1613"
"3428","56"
"3428","313"
"3428","411"
"3428","412"
"3428","1453"
"3428","1606"
"3428","2199"
"3428","2234"
"3429","57"
"3429","58"
"3429","106"
"3429","122"
"3429","123"
"3429","124"
"3429","1200"
"3429","1201"
"3429","1202"
"3429","1203"
"3429","1204"
"3429","1205"
"3429","1225"
"3429","1453"
"3429","1606"
"3429","1631"
"3429","1694"
"3429","2199"
"3429","2234"
"3430","182"
"3430","274"
"3430","329"
"3430","616"
"3430","1007"
"3430","1604"
"3431","183"
"3431","184"
"3431","185"
"3431","189"
"3431","784"
"3431","851"
"3431","1587"
"3431","1604"
"3431","1626"
"3431","2200"
"3431","2201"
"3432","164"
"3432","1081"
"3433","663"
"3433","1610"
"3433","2202"
"3434","28"
"3434","253"
"3434","1588"
"3434","1604"
"3434","1606"
"3434","1610"
"3434","1626"
"3434","2116"
"3434","2203"
"3435","182"
"3435","1587"
"3435","1604"
"3435","1610"
"3435","1626"
"3435","2204"
"3436","1453"
"3436","1626"
"3436","2234"
"3437","182"
"3437","2205"
"3438","542"
"3438","1453"
"3438","2206"
"3438","2207"
"3438","2208"
"3438","2234"
"3439","208"
"3439","2209"
"3439","2210"
"3440","28"
"3440","133"
"3441","183"
"3441","189"
"3441","443"
"3441","1142"
"3441","2211"
"3442","160"
"3442","292"
"3442","329"
"3442","418"
"3442","523"
"3443","182"
"3443","329"
"3443","512"
"3443","784"
"3443","798"
"3443","1604"
"3443","1613"
"3443","1629"
"3443","2212"
"3444","28"
"3444","133"
"3445","2213"
"3446","79"
"3446","82"
"3446","84"
"3446","109"
"3446","183"
"3446","329"
"3446","418"
"3446","1630"
"3446","2214"
"3446","2215"
"3447","498"
"3448","512"
"3448","1180"
"3448","1613"
"3448","1626"
"3448","2178"
"3449","42"
"3449","741"
"3449","1626"
"3449","2178"
"3449","2216"
"3450","329"
"3450","418"
"3450","1613"
"3450","2217"
"3450","2218"
"3451","164"
"3451","1041"
"3451","1042"
"3451","1606"
"3451","1613"
"3451","1626"
"3451","1629"
"3451","1630"
"3451","2077"
"3451","2219"
"3452","164"
"3452","1042"
"3452","1081"
"3452","2077"
"3453","184"
"3453","198"
"3453","329"
"3453","2220"
"3453","2221"
"3454","952"
"3454","1041"
"3454","1587"
"3454","1604"
"3454","1613"
"3454","1626"
"3454","2178"
"3454","2222"
"3454","2223"
"3455","325"
"3455","786"
"3455","826"
"3455","1042"
"3455","1613"
"3455","1626"
"3455","1629"
"3455","1630"
"3455","2178"
"3456","184"
"3456","189"
"3456","329"
"3456","388"
"3456","784"
"3456","1556"
"3456","1583"
"3456","1587"
"3456","1604"
"3456","1607"
"3456","1613"
"3456","1626"
"3456","2226"
"3457","176"
"3457","507"
"3458","198"
"3458","329"
"3458","1381"
"3458","1382"
"3458","2227"
"3459","329"
"3459","418"
"3459","2227"
"3459","2228"
"3459","2229"
"3459","2230"
"3460","329"
"3460","1151"
"3460","1613"
"3460","2231"
"3461","184"
"3461","329"
"3461","1095"
"3461","2232"
"3461","2233"
"3462","702"
"3462","703"
"3462","1453"
"3462","2234"
"3463","163"
"3463","182"
"3463","184"
"3463","512"
"3463","616"
"3463","747"
"3463","952"
"3463","1094"
"3464","28"
"3464","195"
"3464","329"
"3464","466"
"3464","512"
"3464","747"
"3464","748"
"3464","759"
"3464","762"
"3464","869"
"3464","870"
"3464","1209"
"3464","1817"
"3464","2235"
"3465","28"
"3465","274"
"3465","329"
"3465","466"
"3465","512"
"3465","956"
"3465","2235"
"3465","2236"
"3465","2405"
"3466","28"
"3466","189"
"3466","329"
"3466","1021"
"3466","2237"
"3466","2238"
"3466","2239"
"3466","2240"
"3466","2241"
"3467","62"
"3467","121"
"3467","512"
"3467","2055"
"3467","2158"
"3467","2243"
"3468","28"
"3468","329"
"3468","512"
"3468","744"
"3468","1024"
"3468","1256"
"3469","28"
"3469","183"
"3469","185"
"3469","198"
"3469","329"
"3469","512"
"3469","722"
"3469","942"
"3469","1604"
"3469","1613"
"3470","329"
"3470","547"
"3470","744"
"3470","942"
"3470","945"
"3470","1558"
"3470","1588"
"3470","1604"
"3470","2114"
"3470","2164"
"3470","2245"
"3470","2246"
"3470","2247"
"3471","28"
"3471","329"
"3471","1558"
"3471","1588"
"3472","379"
"3472","744"
"3473","54"
"3473","329"
"3473","1382"
"3473","1476"
"3473","1588"
"3474","1112"
"3474","1383"
"3475","958"
"3476","379"
"3476","386"
"3476","388"
"3476","1604"
"3476","1613"
"3477","28"
"3477","329"
"3477","1613"
"3477","2248"
"3477","2249"
"3478","28"
"3478","160"
"3478","215"
"3478","329"
"3478","616"
"3478","1588"
"3478","1611"
"3478","1694"
"3478","1768"
"3478","2116"
"3478","2250"
"3478","2251"
"3478","2252"
"3479","28"
"3479","329"
"3479","512"
"3479","1244"
"3479","2253"
"3479","2254"
"3479","2255"
"3480","238"
"3480","329"
"3480","351"
"3480","418"
"3480","512"
"3480","744"
"3480","767"
"3480","1006"
"3480","1415"
"3480","1613"
"3480","1648"
"3481","182"
"3481","189"
"3481","329"
"3481","1364"
"3481","1587"
"3481","1588"
"3481","1613"
"3481","1656"
"3481","2256"
"3481","2257"
"3481","2258"
"3484","772"
"3484","793"
"3484","887"
"3485","1865"
"3486","1865"
"3487","1061"
"3487","1160"
"3489","83"
"3490","83"
"3491","1475"
"3492","1606"
"3493","1078"
"3493","1815"
"3493","1816"
"3494","1817"
"3496","344"
"3496","798"
"3496","799"
"3496","1142"
"3498","195"
"3499","274"
"3501","132"
"3503","70"
"3504","98"
"3504","99"
"3504","2392"
"3504","2393"
"3505","236"
"3505","404"
"3507","635"
"3509","988"
"3510","772"
"3510","1604"
"3510","1613"
"3511","531"
"3511","1160"
"3512","408"
"3512","475"
"3512","1462"
"3513","1136"
"3513","1137"
"3514","1624"
"3516","350"
"3518","113"
"3519","443"
"3519","1381"
"3520","113"
"3521","28"
"3521","382"
"3521","1171"
"3522","237"
"3522","930"
"3523","195"
"3523","1024"
"3523","1209"
"3524","549"
"3524","1930"
"3525","1146"
"3525","1301"
"3525","1304"
"3525","1322"
"3525","1544"
"3525","1577"
"3525","1578"
"3526","1382"
"3527","253"
"3527","1180"
"3527","2072"
"3527","2073"
"3528","513"
"3528","1160"
"3528","2394"
"3529","1264"
"3530","2324"
"3535","784"
"3535","1345"
"3536","471"
"3536","549"
"3538","1345"
"3539","616"
"3539","1345"
"3540","1388"
"3541","274"
"3541","739"
"3542","2074"
"3543","523"
"3544","28"
"3545","329"
"3545","991"
"3545","1381"
"3545","1689"
"3546","1462"
"3546","1690"
"3546","2395"
"3547","423"
"3547","549"
"3548","1151"
"3548","1462"
"3548","1624"
"3548","2325"
"3549","2075"
"3550","253"
"3550","1604"
"3550","1613"
"3552","679"
"3552","680"
"3552","2076"
"3553","164"
"3553","730"
"3553","2077"
"3554","939"
"3555","616"
"3555","1465"
"3555","1624"
"3556","329"
"3557","113"
"3557","822"
"3559","1042"
"3560","494"
"3562","329"
"3563","1604"
"3563","1613"
"3563","1623"
"3564","1301"
"3567","28"
"3567","42"
"3567","1304"
"3569","1604"
"3570","2078"
"3571","1301"
"3572","1613"
"3573","130"
"3573","1462"
"3574","549"
"3574","625"
"3574","629"
"3574","669"
"3574","798"
"3576","1433"
"3578","1416"
"3578","2259"
"3580","2079"
"3582","89"
"3584","1042"
"3585","160"
"3585","1631"
"3585","1639"
"3585","1641"
"3586","329"
"3587","130"
"3587","182"
"3587","388"
"3587","1583"
"3587","1584"
"3587","1588"
"3587","1591"
"3587","1606"
"3587","1624"
"3588","327"
"3588","351"
"3588","1151"
"3588","1296"
"3588","1297"
"3588","1462"
"3589","1296"
"3589","1297"
"3589","1611"
"3589","1685"
"3589","2116"
"3590","1624"
"3591","1046"
"3592","798"
"3592","1024"
"3592","1544"
"3592","1634"
"3593","1089"
"3593","1155"
"3593","1156"
"3593","1546"
"3594","329"
"3594","359"
"3594","1381"
"3594","1682"
"3595","183"
"3595","185"
"3595","186"
"3595","189"
"3595","1626"
"3596","303"
"3597","221"
"3598","1643"
"3598","1644"
"3598","1646"
"3599","184"
"3600","693"
"3600","744"
"3601","263"
"3601","329"
"3602","184"
"3602","212"
"3602","783"
"3602","906"
"3602","1680"
"3602","1681"
"3604","1462"
"3604","1581"
"3604","1593"
"3605","798"
"3606","1"
"3607","195"
"3608","329"
"3608","375"
"3608","1642"
"3608","1679"
"3609","1689"
"3610","475"
"3610","1466"
"3610","1647"
"3611","329"
"3611","744"
"3612","465"
"3612","486"
"3612","669"
"3628","1864"
"3908","1666"
"6729","21"
"6729","1155"
"6729","1838"
"6729","1839"
"6729","1840"
"7142","423"
"7142","1858"
"7150","1858"
"7265","1865"
"7267","1864"
"7691","17"
"7691","344"
"7691","351"
"7691","1042"
"7691","1631"
"7710","341"
"7710","344"
"7710","351"
"7710","669"
"7710","1015"
"7710","1606"
"7710","1672"
"7727","17"
"7727","313"
"7727","344"
"7727","1155"
"7727","1885"
"7749","344"
"7749","798"
"7749","1606"
"7759","282"
"7759","669"
"7759","798"
"7759","1606"
"7759","1624"
"7759","1631"
"7759","1886"
"7759","1887"
"7759","1888"
"7783","4"
"7783","313"
"7783","344"
"7783","351"
"7783","559"
"7783","560"
"7783","972"
"7783","1155"
"7783","1295"
"7798","28"
"7798","40"
"7798","344"
"7798","351"
"7798","578"
"7798","974"
"7798","1151"
"7798","1154"
"7798","1156"
"7798","1295"
"7798","1889"
"7798","1890"
"7798","1891"
"7798","1892"
"7831","332"
"7831","604"
"7831","1151"
"7831","1603"
"7831","1893"
"7852","343"
"7852","798"
"7852","1631"
"7852","1731"
"7852","1804"
"7864","343"
"7864","344"
"7864","351"
"7864","1065"
"7864","1606"
"7864","1631"
"7883","17"
"7883","343"
"7883","462"
"7883","464"
"7883","599"
"7883","1379"
"7883","1606"
"7909","1895"
"8014","1896"
"8014","1897"
"8014","1898"
"8014","1899"
"9097","1151"
"9097","1296"
"9097","1297"
"9097","1685"
"9097","1948"
"9097","1950"
"9109","85"
"9109","1151"
"9109","1297"
"9362","917"
"9379","1961"
"9389","917"
"9389","1962"
"9411","471"
"9411","549"
"9418","198"
"10615","1143"
"14535","1124"
"14540","2260"
"17084","721"
"17084","722"
"17084","2328"
"18751","846"
"18751","2398"
"18768","1433"
"18775","516"
"18775","1155"
"18775","1462"
"18775","1513"
"18775","1515"
"18775","1611"
"18775","2399"
"18775","2400"
"18851","237"
"18851","240"
"18851","244"
"18948","2403"
"18956","329"
"18956","499"
"18956","955"
"19000","2406"
"19009","2407"
"19054","2410"
"19058","2411"
"19064","56"
"19064","57"
"19064","769"
"19064","1225"
"19064","1401"
"19064","1566"
"19064","2412"
"19064","2413"
"19162","973"
"19162","1151"
"19162","1154"
"19162","1160"
"19162","1606"
"19258","261"
"19258","1606"
"19258","2423"
"19268","195"
"19282","378"
"19282","379"
"19282","423"
"19298","534"
"19298","538"
"19354","1160"
"19373","824"
"19373","1243"
"19394","464"
"19394","529"
"19419","926"
"19419","930"
"19419","1160"
"19419","1304"
"19419","1462"
"19419","1512"
"19419","1520"
"19419","1544"
"19419","2244"
"19419","2426"
"19419","2428"
"19450","744"
"19450","2425"
"19453","1583"
"19453","1608"
"19462","379"
"19462","1015"
"19462","2219"
"19462","2424"
"19551","379"
"19551","939"
"19551","2429"
"19563","941"
"19572","379"
"19572","816"
"19572","939"
"19593","378"
"19593","939"
"19598","379"
"19598","940"
"19598","941"
"19598","1940"
"19598","1978"
"19637","939"
"19637","2430"
"19643","939"
"19643","1301"
"19643","1964"
"19651","939"
"19653","939"
"19653","1160"
"19653","1301"
"19655","852"
"19655","939"
"19659","939"
"19661","939"
"19661","1160"
"19664","939"
"19667","939"
"19667","1160"
"19670","939"
"19670","1301"
"19670","1513"
"19670","2431"
"19670","2432"
"19670","2433"
"19672","378"
"19672","597"
"19672","939"
"19672","1260"
"19672","1301"
"19674","939"
"19674","940"
"19674","941"
"19674","1520"
"19676","939"
"19678","939"
"19816","446"
"19816","949"
"19816","1462"
"19816","2434"
"19829","274"
"19829","985"
"19829","2435"
"19845","2411"
"19852","2437"
"19866","1380"
"19866","2438"
"19875","329"
"19875","496"
"19875","772"
"19875","793"
"19875","887"
"19875","1462"
"19875","2439"
"19905","1143"
"19905","1244"
"19905","1301"
